,survived,pclass,sex,age,sibsp,parch,fare,embarked,adult_male,alive,alone,family_size,embark_town_Cherbourg,embark_town_Queenstown,embark_town_Southampton,who_child,who_man,who_woman,class_First,class_Second,class_Third
0,0,3,0,22.0,1,0,7.25,2,True,1,False,2,False,False,True,False,True,False,False,False,True
1,1,1,1,38.0,1,0,71.2833,0,False,0,False,2,True,False,False,False,False,True,True,False,False
2,1,3,1,26.0,0,0,7.925,2,False,0,True,1,False,False,True,False,False,True,False,False,True
3,1,1,1,35.0,1,0,53.1,2,False,0,False,2,False,False,True,False,False,True,True,False,False
4,0,3,0,35.0,0,0,8.05,2,True,1,True,1,False,False,True,False,True,False,False,False,True
5,0,3,0,28.0,0,0,8.4583,1,True,1,True,1,False,True,False,False,True,False,False,False,True
6,0,1,0,54.0,0,0,51.8625,2,True,1,True,1,False,False,True,False,True,False,True,False,False
7,0,3,0,2.0,3,1,21.075,2,False,1,False,5,False,False,True,True,False,False,False,False,True
8,1,3,1,27.0,0,2,11.1333,2,False,0,False,3,False,False,True,False,False,True,False,False,True
9,1,2,1,14.0,1,0,30.0708,0,False,0,False,2,True,False,False,True,False,False,False,True,False
10,1,3,1,4.0,1,1,16.7,2,False,0,False,3,False,False,True,True,False,False,False,False,True
11,1,1,1,58.0,0,0,26.55,2,False,0,True,1,False,False,True,False,False,True,True,False,False
12,0,3,0,20.0,0,0,8.05,2,True,1,True,1,False,False,True,False,True,False,False,False,True
13,0,3,0,39.0,1,5,31.275,2,True,1,False,7,False,False,True,False,True,False,False,False,True
14,0,3,1,14.0,0,0,7.8542,2,False,1,True,1,False,False,True,True,False,False,False,False,True
15,1,2,1,55.0,0,0,16.0,2,False,0,True,1,False,False,True,False,False,True,False,True,False
16,0,3,0,2.0,4,1,29.125,1,False,1,False,6,False,True,False,True,False,False,False,False,True
17,1,2,0,28.0,0,0,13.0,2,True,0,True,1,False,False,True,False,True,False,False,True,False
18,0,3,1,31.0,1,0,18.0,2,False,1,False,2,False,False,True,False,False,True,False,False,True
19,1,3,1,28.0,0,0,7.225,0,False,0,True,1,True,False,False,False,False,True,False,False,True
20,0,2,0,35.0,0,0,26.0,2,True,1,True,1,False,False,True,False,True,False,False,True,False
21,1,2,0,34.0,0,0,13.0,2,True,0,True,1,False,False,True,False,True,False,False,True,False
22,1,3,1,15.0,0,0,8.0292,1,False,0,True,1,False,True,False,True,False,False,False,False,True
23,1,1,0,28.0,0,0,35.5,2,True,0,True,1,False,False,True,False,True,False,True,False,False
24,0,3,1,8.0,3,1,21.075,2,False,1,False,5,False,False,True,True,False,False,False,False,True
25,1,3,1,38.0,1,5,31.3875,2,False,0,False,7,False,False,True,False,False,True,False,False,True
26,0,3,0,28.0,0,0,7.225,0,True,1,True,1,True,False,False,False,True,False,False,False,True
27,0,1,0,19.0,3,2,263.0,2,True,1,False,6,False,False,True,False,True,False,True,False,False
28,1,3,1,28.0,0,0,7.8792,1,False,0,True,1,False,True,False,False,False,True,False,False,True
29,0,3,0,28.0,0,0,7.8958,2,True,1,True,1,False,False,True,False,True,False,False,False,True
30,0,1,0,40.0,0,0,27.7208,0,True,1,True,1,True,False,False,False,True,False,True,False,False
31,1,1,1,28.0,1,0,146.5208,0,False,0,False,2,True,False,False,False,False,True,True,False,False
32,1,3,1,28.0,0,0,7.75,1,False,0,True,1,False,True,False,False,False,True,False,False,True
33,0,2,0,66.0,0,0,10.5,2,True,1,True,1,False,False,True,False,True,False,False,True,False
34,0,1,0,28.0,1,0,82.1708,0,True,1,False,2,True,False,False,False,True,False,True,False,False
35,0,1,0,42.0,1,0,52.0,2,True,1,False,2,False,False,True,False,True,False,True,False,False
36,1,3,0,28.0,0,0,7.2292,0,True,0,True,1,True,False,False,False,True,False,False,False,True
37,0,3,0,21.0,0,0,8.05,2,True,1,True,1,False,False,True,False,True,False,False,False,True
38,0,3,1,18.0,2,0,18.0,2,False,1,False,3,False,False,True,False,False,True,False,False,True
39,1,3,1,14.0,1,0,11.2417,0,False,0,False,2,True,False,False,True,False,False,False,False,True
40,0,3,1,40.0,1,0,9.475,2,False,1,False,2,False,False,True,False,False,True,False,False,True
41,0,2,1,27.0,1,0,21.0,2,False,1,False,2,False,False,True,False,False,True,False,True,False
42,0,3,0,28.0,0,0,7.8958,0,True,1,True,1,True,False,False,False,True,False,False,False,True
43,1,2,1,3.0,1,2,41.5792,0,False,0,False,4,True,False,False,True,False,False,False,True,False
44,1,3,1,19.0,0,0,7.8792,1,False,0,True,1,False,True,False,False,False,True,False,False,True
45,0,3,0,28.0,0,0,8.05,2,True,1,True,1,False,False,True,False,True,False,False,False,True
46,0,3,0,28.0,1,0,15.5,1,True,1,False,2,False,True,False,False,True,False,False,False,True
47,1,3,1,28.0,0,0,7.75,1,False,0,True,1,False,True,False,False,False,True,False,False,True
48,0,3,0,28.0,2,0,21.6792,0,True,1,False,3,True,False,False,False,True,False,False,False,True
49,0,3,1,18.0,1,0,17.8,2,False,1,False,2,False,False,True,False,False,True,False,False,True
50,0,3,0,7.0,4,1,39.6875,2,False,1,False,6,False,False,True,True,False,False,False,False,True
51,0,3,0,21.0,0,0,7.8,2,True,1,True,1,False,False,True,False,True,False,False,False,True
52,1,1,1,49.0,1,0,76.7292,0,False,0,False,2,True,False,False,False,False,True,True,False,False
53,1,2,1,29.0,1,0,26.0,2,False,0,False,2,False,False,True,False,False,True,False,True,False
54,0,1,0,65.0,0,1,61.9792,0,True,1,False,2,True,False,False,False,True,False,True,False,False
55,1,1,0,28.0,0,0,35.5,2,True,0,True,1,False,False,True,False,True,False,True,False,False
56,1,2,1,21.0,0,0,10.5,2,False,0,True,1,False,False,True,False,False,True,False,True,False
57,0,3,0,28.5,0,0,7.2292,0,True,1,True,1,True,False,False,False,True,False,False,False,True
58,1,2,1,5.0,1,2,27.75,2,False,0,False,4,False,False,True,True,False,False,False,True,False
59,0,3,0,11.0,5,2,46.9,2,False,1,False,8,False,False,True,True,False,False,False,False,True
60,0,3,0,22.0,0,0,7.2292,0,True,1,True,1,True,False,False,False,True,False,False,False,True
61,1,1,1,38.0,0,0,80.0,2,False,0,True,1,False,False,True,False,False,True,True,False,False
62,0,1,0,45.0,1,0,83.475,2,True,1,False,2,False,False,True,False,True,False,True,False,False
63,0,3,0,4.0,3,2,27.9,2,False,1,False,6,False,False,True,True,False,False,False,False,True
64,0,1,0,28.0,0,0,27.7208,0,True,1,True,1,True,False,False,False,True,False,True,False,False
65,1,3,0,28.0,1,1,15.2458,0,True,0,False,3,True,False,False,False,True,False,False,False,True
66,1,2,1,29.0,0,0,10.5,2,False,0,True,1,False,False,True,False,False,True,False,True,False
67,0,3,0,19.0,0,0,8.1583,2,True,1,True,1,False,False,True,False,True,False,False,False,True
68,1,3,1,17.0,4,2,7.925,2,False,0,False,7,False,False,True,False,False,True,False,False,True
69,0,3,0,26.0,2,0,8.6625,2,True,1,False,3,False,False,True,False,True,False,False,False,True
70,0,2,0,32.0,0,0,10.5,2,True,1,True,1,False,False,True,False,True,False,False,True,False
71,0,3,1,16.0,5,2,46.9,2,False,1,False,8,False,False,True,False,False,True,False,False,True
72,0,2,0,21.0,0,0,73.5,2,True,1,True,1,False,False,True,False,True,False,False,True,False
73,0,3,0,26.0,1,0,14.4542,0,True,1,False,2,True,False,False,False,True,False,False,False,True
74,1,3,0,32.0,0,0,56.4958,2,True,0,True,1,False,False,True,False,True,False,False,False,True
75,0,3,0,25.0,0,0,7.65,2,True,1,True,1,False,False,True,False,True,False,False,False,True
76,0,3,0,28.0,0,0,7.8958,2,True,1,True,1,False,False,True,False,True,False,False,False,True
77,0,3,0,28.0,0,0,8.05,2,True,1,True,1,False,False,True,False,True,False,False,False,True
78,1,2,0,0.83,0,2,29.0,2,False,0,False,3,False,False,True,True,False,False,False,True,False
79,1,3,1,30.0,0,0,12.475,2,False,0,True,1,False,False,True,False,False,True,False,False,True
80,0,3,0,22.0,0,0,9.0,2,True,1,True,1,False,False,True,False,True,False,False,False,True
81,1,3,0,29.0,0,0,9.5,2,True,0,True,1,False,False,True,False,True,False,False,False,True
82,1,3,1,28.0,0,0,7.7875,1,False,0,True,1,False,True,False,False,False,True,False,False,True
83,0,1,0,28.0,0,0,47.1,2,True,1,True,1,False,False,True,False,True,False,True,False,False
84,1,2,1,17.0,0,0,10.5,2,False,0,True,1,False,False,True,False,False,True,False,True,False
85,1,3,1,33.0,3,0,15.85,2,False,0,False,4,False,False,True,False,False,True,False,False,True
86,0,3,0,16.0,1,3,34.375,2,True,1,False,5,False,False,True,False,True,False,False,False,True
87,0,3,0,28.0,0,0,8.05,2,True,1,True,1,False,False,True,False,True,False,False,False,True
88,1,1,1,23.0,3,2,263.0,2,False,0,False,6,False,False,True,False,False,True,True,False,False
89,0,3,0,24.0,0,0,8.05,2,True,1,True,1,False,False,True,False,True,False,False,False,True
90,0,3,0,29.0,0,0,8.05,2,True,1,True,1,False,False,True,False,True,False,False,False,True
91,0,3,0,20.0,0,0,7.8542,2,True,1,True,1,False,False,True,False,True,False,False,False,True
92,0,1,0,46.0,1,0,61.175,2,True,1,False,2,False,False,True,False,True,False,True,False,False
93,0,3,0,26.0,1,2,20.575,2,True,1,False,4,False,False,True,False,True,False,False,False,True
94,0,3,0,59.0,0,0,7.25,2,True,1,True,1,False,False,True,False,True,False,False,False,True
95,0,3,0,28.0,0,0,8.05,2,True,1,True,1,False,False,True,False,True,False,False,False,True
96,0,1,0,71.0,0,0,34.6542,0,True,1,True,1,True,False,False,False,True,False,True,False,False
97,1,1,0,23.0,0,1,63.3583,0,True,0,False,2,True,False,False,False,True,False,True,False,False
98,1,2,1,34.0,0,1,23.0,2,False,0,False,2,False,False,True,False,False,True,False,True,False
99,0,2,0,34.0,1,0,26.0,2,True,1,False,2,False,False,True,False,True,False,False,True,False
100,0,3,1,28.0,0,0,7.8958,2,False,1,True,1,False,False,True,False,False,True,False,False,True
101,0,3,0,28.0,0,0,7.8958,2,True,1,True,1,False,False,True,False,True,False,False,False,True
102,0,1,0,21.0,0,1,77.2875,2,True,1,False,2,False,False,True,False,True,False,True,False,False
103,0,3,0,33.0,0,0,8.6542,2,True,1,True,1,False,False,True,False,True,False,False,False,True
104,0,3,0,37.0,2,0,7.925,2,True,1,False,3,False,False,True,False,True,False,False,False,True
105,0,3,0,28.0,0,0,7.8958,2,True,1,True,1,False,False,True,False,True,False,False,False,True
106,1,3,1,21.0,0,0,7.65,2,False,0,True,1,False,False,True,False,False,True,False,False,True
107,1,3,0,28.0,0,0,7.775,2,True,0,True,1,False,False,True,False,True,False,False,False,True
108,0,3,0,38.0,0,0,7.8958,2,True,1,True,1,False,False,True,False,True,False,False,False,True
109,1,3,1,28.0,1,0,24.15,1,False,0,False,2,False,True,False,False,False,True,False,False,True
110,0,1,0,47.0,0,0,52.0,2,True,1,True,1,False,False,True,False,True,False,True,False,False
111,0,3,1,14.5,1,0,14.4542,0,False,1,False,2,True,False,False,True,False,False,False,False,True
112,0,3,0,22.0,0,0,8.05,2,True,1,True,1,False,False,True,False,True,False,False,False,True
113,0,3,1,20.0,1,0,9.825,2,False,1,False,2,False,False,True,False,False,True,False,False,True
114,0,3,1,17.0,0,0,14.4583,0,False,1,True,1,True,False,False,False,False,True,False,False,True
115,0,3,0,21.0,0,0,7.925,2,True,1,True,1,False,False,True,False,True,False,False,False,True
116,0,3,0,70.5,0,0,7.75,1,True,1,True,1,False,True,False,False,True,False,False,False,True
117,0,2,0,29.0,1,0,21.0,2,True,1,False,2,False,False,True,False,True,False,False,True,False
118,0,1,0,24.0,0,1,247.5208,0,True,1,False,2,True,False,False,False,True,False,True,False,False
119,0,3,1,2.0,4,2,31.275,2,False,1,False,7,False,False,True,True,False,False,False,False,True
120,0,2,0,21.0,2,0,73.5,2,True,1,False,3,False,False,True,False,True,False,False,True,False
121,0,3,0,28.0,0,0,8.05,2,True,1,True,1,False,False,True,False,True,False,False,False,True
122,0,2,0,32.5,1,0,30.0708,0,True,1,False,2,True,False,False,False,True,False,False,True,False
123,1,2,1,32.5,0,0,13.0,2,False,0,True,1,False,False,True,False,False,True,False,True,False
124,0,1,0,54.0,0,1,77.2875,2,True,1,False,2,False,False,True,False,True,False,True,False,False
125,1,3,0,12.0,1,0,11.2417,0,False,0,False,2,True,False,False,True,False,False,False,False,True
126,0,3,0,28.0,0,0,7.75,1,True,1,True,1,False,True,False,False,True,False,False,False,True
127,1,3,0,24.0,0,0,7.1417,2,True,0,True,1,False,False,True,False,True,False,False,False,True
128,1,3,1,28.0,1,1,22.3583,0,False,0,False,3,True,False,False,False,False,True,False,False,True
129,0,3,0,45.0,0,0,6.975,2,True,1,True,1,False,False,True,False,True,False,False,False,True
130,0,3,0,33.0,0,0,7.8958,0,True,1,True,1,True,False,False,False,True,False,False,False,True
131,0,3,0,20.0,0,0,7.05,2,True,1,True,1,False,False,True,False,True,False,False,False,True
132,0,3,1,47.0,1,0,14.5,2,False,1,False,2,False,False,True,False,False,True,False,False,True
133,1,2,1,29.0,1,0,26.0,2,False,0,False,2,False,False,True,False,False,True,False,True,False
134,0,2,0,25.0,0,0,13.0,2,True,1,True,1,False,False,True,False,True,False,False,True,False
135,0,2,0,23.0,0,0,15.0458,0,True,1,True,1,True,False,False,False,True,False,False,True,False
136,1,1,1,19.0,0,2,26.2833,2,False,0,False,3,False,False,True,False,False,True,True,False,False
137,0,1,0,37.0,1,0,53.1,2,True,1,False,2,False,False,True,False,True,False,True,False,False
138,0,3,0,16.0,0,0,9.2167,2,True,1,True,1,False,False,True,False,True,False,False,False,True
139,0,1,0,24.0,0,0,79.2,0,True,1,True,1,True,False,False,False,True,False,True,False,False
140,0,3,1,28.0,0,2,15.2458,0,False,1,False,3,True,False,False,False,False,True,False,False,True
141,1,3,1,22.0,0,0,7.75,2,False,0,True,1,False,False,True,False,False,True,False,False,True
142,1,3,1,24.0,1,0,15.85,2,False,0,False,2,False,False,True,False,False,True,False,False,True
143,0,3,0,19.0,0,0,6.75,1,True,1,True,1,False,True,False,False,True,False,False,False,True
144,0,2,0,18.0,0,0,11.5,2,True,1,True,1,False,False,True,False,True,False,False,True,False
145,0,2,0,19.0,1,1,36.75,2,True,1,False,3,False,False,True,False,True,False,False,True,False
146,1,3,0,27.0,0,0,7.7958,2,True,0,True,1,False,False,True,False,True,False,False,False,True
147,0,3,1,9.0,2,2,34.375,2,False,1,False,5,False,False,True,True,False,False,False,False,True
148,0,2,0,36.5,0,2,26.0,2,True,1,False,3,False,False,True,False,True,False,False,True,False
149,0,2,0,42.0,0,0,13.0,2,True,1,True,1,False,False,True,False,True,False,False,True,False
150,0,2,0,51.0,0,0,12.525,2,True,1,True,1,False,False,True,False,True,False,False,True,False
151,1,1,1,22.0,1,0,66.6,2,False,0,False,2,False,False,True,False,False,True,True,False,False
152,0,3,0,55.5,0,0,8.05,2,True,1,True,1,False,False,True,False,True,False,False,False,True
153,0,3,0,40.5,0,2,14.5,2,True,1,False,3,False,False,True,False,True,False,False,False,True
154,0,3,0,28.0,0,0,7.3125,2,True,1,True,1,False,False,True,False,True,False,False,False,True
155,0,1,0,51.0,0,1,61.3792,0,True,1,False,2,True,False,False,False,True,False,True,False,False
156,1,3,1,16.0,0,0,7.7333,1,False,0,True,1,False,True,False,False,False,True,False,False,True
157,0,3,0,30.0,0,0,8.05,2,True,1,True,1,False,False,True,False,True,False,False,False,True
158,0,3,0,28.0,0,0,8.6625,2,True,1,True,1,False,False,True,False,True,False,False,False,True
159,0,3,0,28.0,8,2,69.55,2,True,1,False,11,False,False,True,False,True,False,False,False,True
160,0,3,0,44.0,0,1,16.1,2,True,1,False,2,False,False,True,False,True,False,False,False,True
161,1,2,1,40.0,0,0,15.75,2,False,0,True,1,False,False,True,False,False,True,False,True,False
162,0,3,0,26.0,0,0,7.775,2,True,1,True,1,False,False,True,False,True,False,False,False,True
163,0,3,0,17.0,0,0,8.6625,2,True,1,True,1,False,False,True,False,True,False,False,False,True
164,0,3,0,1.0,4,1,39.6875,2,False,1,False,6,False,False,True,True,False,False,False,False,True
165,1,3,0,9.0,0,2,20.525,2,False,0,False,3,False,False,True,True,False,False,False,False,True
166,1,1,1,28.0,0,1,55.0,2,False,0,False,2,False,False,True,False,False,True,True,False,False
167,0,3,1,45.0,1,4,27.9,2,False,1,False,6,False,False,True,False,False,True,False,False,True
168,0,1,0,28.0,0,0,25.925,2,True,1,True,1,False,False,True,False,True,False,True,False,False
169,0,3,0,28.0,0,0,56.4958,2,True,1,True,1,False,False,True,False,True,False,False,False,True
170,0,1,0,61.0,0,0,33.5,2,True,1,True,1,False,False,True,False,True,False,True,False,False
171,0,3,0,4.0,4,1,29.125,1,False,1,False,6,False,True,False,True,False,False,False,False,True
172,1,3,1,1.0,1,1,11.1333,2,False,0,False,3,False,False,True,True,False,False,False,False,True
173,0,3,0,21.0,0,0,7.925,2,True,1,True,1,False,False,True,False,True,False,False,False,True
174,0,1,0,56.0,0,0,30.6958,0,True,1,True,1,True,False,False,False,True,False,True,False,False
175,0,3,0,18.0,1,1,7.8542,2,True,1,False,3,False,False,True,False,True,False,False,False,True
176,0,3,0,28.0,3,1,25.4667,2,True,1,False,5,False,False,True,False,True,False,False,False,True
177,0,1,1,50.0,0,0,28.7125,0,False,1,True,1,True,False,False,False,False,True,True,False,False
178,0,2,0,30.0,0,0,13.0,2,True,1,True,1,False,False,True,False,True,False,False,True,False
179,0,3,0,36.0,0,0,0.0,2,True,1,True,1,False,False,True,False,True,False,False,False,True
180,0,3,1,28.0,8,2,69.55,2,False,1,False,11,False,False,True,False,False,True,False,False,True
181,0,2,0,28.0,0,0,15.05,0,True,1,True,1,True,False,False,False,True,False,False,True,False
182,0,3,0,9.0,4,2,31.3875,2,False,1,False,7,False,False,True,True,False,False,False,False,True
183,1,2,0,1.0,2,1,39.0,2,False,0,False,4,False,False,True,True,False,False,False,True,False
184,1,3,1,4.0,0,2,22.025,2,False,0,False,3,False,False,True,True,False,False,False,False,True
185,0,1,0,28.0,0,0,50.0,2,True,1,True,1,False,False,True,False,True,False,True,False,False
186,1,3,1,28.0,1,0,15.5,1,False,0,False,2,False,True,False,False,False,True,False,False,True
187,1,1,0,45.0,0,0,26.55,2,True,0,True,1,False,False,True,False,True,False,True,False,False
188,0,3,0,40.0,1,1,15.5,1,True,1,False,3,False,True,False,False,True,False,False,False,True
189,0,3,0,36.0,0,0,7.8958,2,True,1,True,1,False,False,True,False,True,False,False,False,True
190,1,2,1,32.0,0,0,13.0,2,False,0,True,1,False,False,True,False,False,True,False,True,False
191,0,2,0,19.0,0,0,13.0,2,True,1,True,1,False,False,True,False,True,False,False,True,False
192,1,3,1,19.0,1,0,7.8542,2,False,0,False,2,False,False,True,False,False,True,False,False,True
193,1,2,0,3.0,1,1,26.0,2,False,0,False,3,False,False,True,True,False,False,False,True,False
194,1,1,1,44.0,0,0,27.7208,0,False,0,True,1,True,False,False,False,False,True,True,False,False
195,1,1,1,58.0,0,0,146.5208,0,False,0,True,1,True,False,False,False,False,True,True,False,False
196,0,3,0,28.0,0,0,7.75,1,True,1,True,1,False,True,False,False,True,False,False,False,True
197,0,3,0,42.0,0,1,8.4042,2,True,1,False,2,False,False,True,False,True,False,False,False,True
198,1,3,1,28.0,0,0,7.75,1,False,0,True,1,False,True,False,False,False,True,False,False,True
199,0,2,1,24.0,0,0,13.0,2,False,1,True,1,False,False,True,False,False,True,False,True,False
200,0,3,0,28.0,0,0,9.5,2,True,1,True,1,False,False,True,False,True,False,False,False,True
201,0,3,0,28.0,8,2,69.55,2,True,1,False,11,False,False,True,False,True,False,False,False,True
202,0,3,0,34.0,0,0,6.4958,2,True,1,True,1,False,False,True,False,True,False,False,False,True
203,0,3,0,45.5,0,0,7.225,0,True,1,True,1,True,False,False,False,True,False,False,False,True
204,1,3,0,18.0,0,0,8.05,2,True,0,True,1,False,False,True,False,True,False,False,False,True
205,0,3,1,2.0,0,1,10.4625,2,False,1,False,2,False,False,True,True,False,False,False,False,True
206,0,3,0,32.0,1,0,15.85,2,True,1,False,2,False,False,True,False,True,False,False,False,True
207,1,3,0,26.0,0,0,18.7875,0,True,0,True,1,True,False,False,False,True,False,False,False,True
208,1,3,1,16.0,0,0,7.75,1,False,0,True,1,False,True,False,False,False,True,False,False,True
209,1,1,0,40.0,0,0,31.0,0,True,0,True,1,True,False,False,False,True,False,True,False,False
210,0,3,0,24.0,0,0,7.05,2,True,1,True,1,False,False,True,False,True,False,False,False,True
211,1,2,1,35.0,0,0,21.0,2,False,0,True,1,False,False,True,False,False,True,False,True,False
212,0,3,0,22.0,0,0,7.25,2,True,1,True,1,False,False,True,False,True,False,False,False,True
213,0,2,0,30.0,0,0,13.0,2,True,1,True,1,False,False,True,False,True,False,False,True,False
214,0,3,0,28.0,1,0,7.75,1,True,1,False,2,False,True,False,False,True,False,False,False,True
215,1,1,1,31.0,1,0,113.275,0,False,0,False,2,True,False,False,False,False,True,True,False,False
216,1,3,1,27.0,0,0,7.925,2,False,0,True,1,False,False,True,False,False,True,False,False,True
217,0,2,0,42.0,1,0,27.0,2,True,1,False,2,False,False,True,False,True,False,False,True,False
218,1,1,1,32.0,0,0,76.2917,0,False,0,True,1,True,False,False,False,False,True,True,False,False
219,0,2,0,30.0,0,0,10.5,2,True,1,True,1,False,False,True,False,True,False,False,True,False
220,1,3,0,16.0,0,0,8.05,2,True,0,True,1,False,False,True,False,True,False,False,False,True
221,0,2,0,27.0,0,0,13.0,2,True,1,True,1,False,False,True,False,True,False,False,True,False
222,0,3,0,51.0,0,0,8.05,2,True,1,True,1,False,False,True,False,True,False,False,False,True
223,0,3,0,28.0,0,0,7.8958,2,True,1,True,1,False,False,True,False,True,False,False,False,True
224,1,1,0,38.0,1,0,90.0,2,True,0,False,2,False,False,True,False,True,False,True,False,False
225,0,3,0,22.0,0,0,9.35,2,True,1,True,1,False,False,True,False,True,False,False,False,True
226,1,2,0,19.0,0,0,10.5,2,True,0,True,1,False,False,True,False,True,False,False,True,False
227,0,3,0,20.5,0,0,7.25,2,True,1,True,1,False,False,True,False,True,False,False,False,True
228,0,2,0,18.0,0,0,13.0,2,True,1,True,1,False,False,True,False,True,False,False,True,False
229,0,3,1,28.0,3,1,25.4667,2,False,1,False,5,False,False,True,False,False,True,False,False,True
230,1,1,1,35.0,1,0,83.475,2,False,0,False,2,False,False,True,False,False,True,True,False,False
231,0,3,0,29.0,0,0,7.775,2,True,1,True,1,False,False,True,False,True,False,False,False,True
232,0,2,0,59.0,0,0,13.5,2,True,1,True,1,False,False,True,False,True,False,False,True,False
233,1,3,1,5.0,4,2,31.3875,2,False,0,False,7,False,False,True,True,False,False,False,False,True
234,0,2,0,24.0,0,0,10.5,2,True,1,True,1,False,False,True,False,True,False,False,True,False
235,0,3,1,28.0,0,0,7.55,2,False,1,True,1,False,False,True,False,False,True,False,False,True
236,0,2,0,44.0,1,0,26.0,2,True,1,False,2,False,False,True,False,True,False,False,True,False
237,1,2,1,8.0,0,2,26.25,2,False,0,False,3,False,False,True,True,False,False,False,True,False
238,0,2,0,19.0,0,0,10.5,2,True,1,True,1,False,False,True,False,True,False,False,True,False
239,0,2,0,33.0,0,0,12.275,2,True,1,True,1,False,False,True,False,True,False,False,True,False
240,0,3,1,28.0,1,0,14.4542,0,False,1,False,2,True,False,False,False,False,True,False,False,True
241,1,3,1,28.0,1,0,15.5,1,False,0,False,2,False,True,False,False,False,True,False,False,True
242,0,2,0,29.0,0,0,10.5,2,True,1,True,1,False,False,True,False,True,False,False,True,False
243,0,3,0,22.0,0,0,7.125,2,True,1,True,1,False,False,True,False,True,False,False,False,True
244,0,3,0,30.0,0,0,7.225,0,True,1,True,1,True,False,False,False,True,False,False,False,True
245,0,1,0,44.0,2,0,90.0,1,True,1,False,3,False,True,False,False,True,False,True,False,False
246,0,3,1,25.0,0,0,7.775,2,False,1,True,1,False,False,True,False,False,True,False,False,True
247,1,2,1,24.0,0,2,14.5,2,False,0,False,3,False,False,True,False,False,True,False,True,False
248,1,1,0,37.0,1,1,52.5542,2,True,0,False,3,False,False,True,False,True,False,True,False,False
249,0,2,0,54.0,1,0,26.0,2,True,1,False,2,False,False,True,False,True,False,False,True,False
250,0,3,0,28.0,0,0,7.25,2,True,1,True,1,False,False,True,False,True,False,False,False,True
251,0,3,1,29.0,1,1,10.4625,2,False,1,False,3,False,False,True,False,False,True,False,False,True
252,0,1,0,62.0,0,0,26.55,2,True,1,True,1,False,False,True,False,True,False,True,False,False
253,0,3,0,30.0,1,0,16.1,2,True,1,False,2,False,False,True,False,True,False,False,False,True
254,0,3,1,41.0,0,2,20.2125,2,False,1,False,3,False,False,True,False,False,True,False,False,True
255,1,3,1,29.0,0,2,15.2458,0,False,0,False,3,True,False,False,False,False,True,False,False,True
256,1,1,1,28.0,0,0,79.2,0,False,0,True,1,True,False,False,False,False,True,True,False,False
257,1,1,1,30.0,0,0,86.5,2,False,0,True,1,False,False,True,False,False,True,True,False,False
258,1,1,1,35.0,0,0,512.3292,0,False,0,True,1,True,False,False,False,False,True,True,False,False
259,1,2,1,50.0,0,1,26.0,2,False,0,False,2,False,False,True,False,False,True,False,True,False
260,0,3,0,28.0,0,0,7.75,1,True,1,True,1,False,True,False,False,True,False,False,False,True
261,1,3,0,3.0,4,2,31.3875,2,False,0,False,7,False,False,True,True,False,False,False,False,True
262,0,1,0,52.0,1,1,79.65,2,True,1,False,3,False,False,True,False,True,False,True,False,False
263,0,1,0,40.0,0,0,0.0,2,True,1,True,1,False,False,True,False,True,False,True,False,False
264,0,3,1,28.0,0,0,7.75,1,False,1,True,1,False,True,False,False,False,True,False,False,True
265,0,2,0,36.0,0,0,10.5,2,True,1,True,1,False,False,True,False,True,False,False,True,False
266,0,3,0,16.0,4,1,39.6875,2,True,1,False,6,False,False,True,False,True,False,False,False,True
267,1,3,0,25.0,1,0,7.775,2,True,0,False,2,False,False,True,False,True,False,False,False,True
268,1,1,1,58.0,0,1,153.4625,2,False,0,False,2,False,False,True,False,False,True,True,False,False
269,1,1,1,35.0,0,0,135.6333,2,False,0,True,1,False,False,True,False,False,True,True,False,False
270,0,1,0,28.0,0,0,31.0,2,True,1,True,1,False,False,True,False,True,False,True,False,False
271,1,3,0,25.0,0,0,0.0,2,True,0,True,1,False,False,True,False,True,False,False,False,True
272,1,2,1,41.0,0,1,19.5,2,False,0,False,2,False,False,True,False,False,True,False,True,False
273,0,1,0,37.0,0,1,29.7,0,True,1,False,2,True,False,False,False,True,False,True,False,False
274,1,3,1,28.0,0,0,7.75,1,False,0,True,1,False,True,False,False,False,True,False,False,True
275,1,1,1,63.0,1,0,77.9583,2,False,0,False,2,False,False,True,False,False,True,True,False,False
276,0,3,1,45.0,0,0,7.75,2,False,1,True,1,False,False,True,False,False,True,False,False,True
277,0,2,0,28.0,0,0,0.0,2,True,1,True,1,False,False,True,False,True,False,False,True,False
278,0,3,0,7.0,4,1,29.125,1,False,1,False,6,False,True,False,True,False,False,False,False,True
279,1,3,1,35.0,1,1,20.25,2,False,0,False,3,False,False,True,False,False,True,False,False,True
280,0,3,0,65.0,0,0,7.75,1,True,1,True,1,False,True,False,False,True,False,False,False,True
281,0,3,0,28.0,0,0,7.8542,2,True,1,True,1,False,False,True,False,True,False,False,False,True
282,0,3,0,16.0,0,0,9.5,2,True,1,True,1,False,False,True,False,True,False,False,False,True
283,1,3,0,19.0,0,0,8.05,2,True,0,True,1,False,False,True,False,True,False,False,False,True
284,0,1,0,28.0,0,0,26.0,2,True,1,True,1,False,False,True,False,True,False,True,False,False
285,0,3,0,33.0,0,0,8.6625,0,True,1,True,1,True,False,False,False,True,False,False,False,True
286,1,3,0,30.0,0,0,9.5,2,True,0,True,1,False,False,True,False,True,False,False,False,True
287,0,3,0,22.0,0,0,7.8958,2,True,1,True,1,False,False,True,False,True,False,False,False,True
288,1,2,0,42.0,0,0,13.0,2,True,0,True,1,False,False,True,False,True,False,False,True,False
289,1,3,1,22.0,0,0,7.75,1,False,0,True,1,False,True,False,False,False,True,False,False,True
290,1,1,1,26.0,0,0,78.85,2,False,0,True,1,False,False,True,False,False,True,True,False,False
291,1,1,1,19.0,1,0,91.0792,0,False,0,False,2,True,False,False,False,False,True,True,False,False
292,0,2,0,36.0,0,0,12.875,0,True,1,True,1,True,False,False,False,True,False,False,True,False
293,0,3,1,24.0,0,0,8.85,2,False,1,True,1,False,False,True,False,False,True,False,False,True
294,0,3,0,24.0,0,0,7.8958,2,True,1,True,1,False,False,True,False,True,False,False,False,True
295,0,1,0,28.0,0,0,27.7208,0,True,1,True,1,True,False,False,False,True,False,True,False,False
296,0,3,0,23.5,0,0,7.2292,0,True,1,True,1,True,False,False,False,True,False,False,False,True
297,0,1,1,2.0,1,2,151.55,2,False,1,False,4,False,False,True,True,False,False,True,False,False
298,1,1,0,28.0,0,0,30.5,2,True,0,True,1,False,False,True,False,True,False,True,False,False
299,1,1,1,50.0,0,1,247.5208,0,False,0,False,2,True,False,False,False,False,True,True,False,False
300,1,3,1,28.0,0,0,7.75,1,False,0,True,1,False,True,False,False,False,True,False,False,True
301,1,3,0,28.0,2,0,23.25,1,True,0,False,3,False,True,False,False,True,False,False,False,True
302,0,3,0,19.0,0,0,0.0,2,True,1,True,1,False,False,True,False,True,False,False,False,True
303,1,2,1,28.0,0,0,12.35,1,False,0,True,1,False,True,False,False,False,True,False,True,False
304,0,3,0,28.0,0,0,8.05,2,True,1,True,1,False,False,True,False,True,False,False,False,True
305,1,1,0,0.92,1,2,151.55,2,False,0,False,4,False,False,True,True,False,False,True,False,False
306,1,1,1,28.0,0,0,110.8833,0,False,0,True,1,True,False,False,False,False,True,True,False,False
307,1,1,1,17.0,1,0,108.9,0,False,0,False,2,True,False,False,False,False,True,True,False,False
308,0,2,0,30.0,1,0,24.0,0,True,1,False,2,True,False,False,False,True,False,False,True,False
309,1,1,1,30.0,0,0,56.9292,0,False,0,True,1,True,False,False,False,False,True,True,False,False
310,1,1,1,24.0,0,0,83.1583,0,False,0,True,1,True,False,False,False,False,True,True,False,False
311,1,1,1,18.0,2,2,262.375,0,False,0,False,5,True,False,False,False,False,True,True,False,False
312,0,2,1,26.0,1,1,26.0,2,False,1,False,3,False,False,True,False,False,True,False,True,False
313,0,3,0,28.0,0,0,7.8958,2,True,1,True,1,False,False,True,False,True,False,False,False,True
314,0,2,0,43.0,1,1,26.25,2,True,1,False,3,False,False,True,False,True,False,False,True,False
315,1,3,1,26.0,0,0,7.8542,2,False,0,True,1,False,False,True,False,False,True,False,False,True
316,1,2,1,24.0,1,0,26.0,2,False,0,False,2,False,False,True,False,False,True,False,True,False
317,0,2,0,54.0,0,0,14.0,2,True,1,True,1,False,False,True,False,True,False,False,True,False
318,1,1,1,31.0,0,2,164.8667,2,False,0,False,3,False,False,True,False,False,True,True,False,False
319,1,1,1,40.0,1,1,134.5,0,False,0,False,3,True,False,False,False,False,True,True,False,False
320,0,3,0,22.0,0,0,7.25,2,True,1,True,1,False,False,True,False,True,False,False,False,True
321,0,3,0,27.0,0,0,7.8958,2,True,1,True,1,False,False,True,False,True,False,False,False,True
322,1,2,1,30.0,0,0,12.35,1,False,0,True,1,False,True,False,False,False,True,False,True,False
323,1,2,1,22.0,1,1,29.0,2,False,0,False,3,False,False,True,False,False,True,False,True,False
324,0,3,0,28.0,8,2,69.55,2,True,1,False,11,False,False,True,False,True,False,False,False,True
325,1,1,1,36.0,0,0,135.6333,0,False,0,True,1,True,False,False,False,False,True,True,False,False
326,0,3,0,61.0,0,0,6.2375,2,True,1,True,1,False,False,True,False,True,False,False,False,True
327,1,2,1,36.0,0,0,13.0,2,False,0,True,1,False,False,True,False,False,True,False,True,False
328,1,3,1,31.0,1,1,20.525,2,False,0,False,3,False,False,True,False,False,True,False,False,True
329,1,1,1,16.0,0,1,57.9792,0,False,0,False,2,True,False,False,False,False,True,True,False,False
330,1,3,1,28.0,2,0,23.25,1,False,0,False,3,False,True,False,False,False,True,False,False,True
331,0,1,0,45.5,0,0,28.5,2,True,1,True,1,False,False,True,False,True,False,True,False,False
332,0,1,0,38.0,0,1,153.4625,2,True,1,False,2,False,False,True,False,True,False,True,False,False
333,0,3,0,16.0,2,0,18.0,2,True,1,False,3,False,False,True,False,True,False,False,False,True
334,1,1,1,28.0,1,0,133.65,2,False,0,False,2,False,False,True,False,False,True,True,False,False
335,0,3,0,28.0,0,0,7.8958,2,True,1,True,1,False,False,True,False,True,False,False,False,True
336,0,1,0,29.0,1,0,66.6,2,True,1,False,2,False,False,True,False,True,False,True,False,False
337,1,1,1,41.0,0,0,134.5,0,False,0,True,1,True,False,False,False,False,True,True,False,False
338,1,3,0,45.0,0,0,8.05,2,True,0,True,1,False,False,True,False,True,False,False,False,True
339,0,1,0,45.0,0,0,35.5,2,True,1,True,1,False,False,True,False,True,False,True,False,False
340,1,2,0,2.0,1,1,26.0,2,False,0,False,3,False,False,True,True,False,False,False,True,False
341,1,1,1,24.0,3,2,263.0,2,False,0,False,6,False,False,True,False,False,True,True,False,False
342,0,2,0,28.0,0,0,13.0,2,True,1,True,1,False,False,True,False,True,False,False,True,False
343,0,2,0,25.0,0,0,13.0,2,True,1,True,1,False,False,True,False,True,False,False,True,False
344,0,2,0,36.0,0,0,13.0,2,True,1,True,1,False,False,True,False,True,False,False,True,False
345,1,2,1,24.0,0,0,13.0,2,False,0,True,1,False,False,True,False,False,True,False,True,False
346,1,2,1,40.0,0,0,13.0,2,False,0,True,1,False,False,True,False,False,True,False,True,False
347,1,3,1,28.0,1,0,16.1,2,False,0,False,2,False,False,True,False,False,True,False,False,True
348,1,3,0,3.0,1,1,15.9,2,False,0,False,3,False,False,True,True,False,False,False,False,True
349,0,3,0,42.0,0,0,8.6625,2,True,1,True,1,False,False,True,False,True,False,False,False,True
350,0,3,0,23.0,0,0,9.225,2,True,1,True,1,False,False,True,False,True,False,False,False,True
351,0,1,0,28.0,0,0,35.0,2,True,1,True,1,False,False,True,False,True,False,True,False,False
352,0,3,0,15.0,1,1,7.2292,0,False,1,False,3,True,False,False,True,False,False,False,False,True
353,0,3,0,25.0,1,0,17.8,2,True,1,False,2,False,False,True,False,True,False,False,False,True
354,0,3,0,28.0,0,0,7.225,0,True,1,True,1,True,False,False,False,True,False,False,False,True
355,0,3,0,28.0,0,0,9.5,2,True,1,True,1,False,False,True,False,True,False,False,False,True
356,1,1,1,22.0,0,1,55.0,2,False,0,False,2,False,False,True,False,False,True,True,False,False
357,0,2,1,38.0,0,0,13.0,2,False,1,True,1,False,False,True,False,False,True,False,True,False
358,1,3,1,28.0,0,0,7.8792,1,False,0,True,1,False,True,False,False,False,True,False,False,True
359,1,3,1,28.0,0,0,7.8792,1,False,0,True,1,False,True,False,False,False,True,False,False,True
360,0,3,0,40.0,1,4,27.9,2,True,1,False,6,False,False,True,False,True,False,False,False,True
361,0,2,0,29.0,1,0,27.7208,0,True,1,False,2,True,False,False,False,True,False,False,True,False
362,0,3,1,45.0,0,1,14.4542,0,False,1,False,2,True,False,False,False,False,True,False,False,True
363,0,3,0,35.0,0,0,7.05,2,True,1,True,1,False,False,True,False,True,False,False,False,True
364,0,3,0,28.0,1,0,15.5,1,True,1,False,2,False,True,False,False,True,False,False,False,True
365,0,3,0,30.0,0,0,7.25,2,True,1,True,1,False,False,True,False,True,False,False,False,True
366,1,1,1,60.0,1,0,75.25,0,False,0,False,2,True,False,False,False,False,True,True,False,False
367,1,3,1,28.0,0,0,7.2292,0,False,0,True,1,True,False,False,False,False,True,False,False,True
368,1,3,1,28.0,0,0,7.75,1,False,0,True,1,False,True,False,False,False,True,False,False,True
369,1,1,1,24.0,0,0,69.3,0,False,0,True,1,True,False,False,False,False,True,True,False,False
370,1,1,0,25.0,1,0,55.4417,0,True,0,False,2,True,False,False,False,True,False,True,False,False
371,0,3,0,18.0,1,0,6.4958,2,True,1,False,2,False,False,True,False,True,False,False,False,True
372,0,3,0,19.0,0,0,8.05,2,True,1,True,1,False,False,True,False,True,False,False,False,True
373,0,1,0,22.0,0,0,135.6333,0,True,1,True,1,True,False,False,False,True,False,True,False,False
374,0,3,1,3.0,3,1,21.075,2,False,1,False,5,False,False,True,True,False,False,False,False,True
375,1,1,1,28.0,1,0,82.1708,0,False,0,False,2,True,False,False,False,False,True,True,False,False
376,1,3,1,22.0,0,0,7.25,2,False,0,True,1,False,False,True,False,False,True,False,False,True
377,0,1,0,27.0,0,2,211.5,0,True,1,False,3,True,False,False,False,True,False,True,False,False
378,0,3,0,20.0,0,0,4.0125,0,True,1,True,1,True,False,False,False,True,False,False,False,True
379,0,3,0,19.0,0,0,7.775,2,True,1,True,1,False,False,True,False,True,False,False,False,True
380,1,1,1,42.0,0,0,227.525,0,False,0,True,1,True,False,False,False,False,True,True,False,False
381,1,3,1,1.0,0,2,15.7417,0,False,0,False,3,True,False,False,True,False,False,False,False,True
382,0,3,0,32.0,0,0,7.925,2,True,1,True,1,False,False,True,False,True,False,False,False,True
383,1,1,1,35.0,1,0,52.0,2,False,0,False,2,False,False,True,False,False,True,True,False,False
384,0,3,0,28.0,0,0,7.8958,2,True,1,True,1,False,False,True,False,True,False,False,False,True
385,0,2,0,18.0,0,0,73.5,2,True,1,True,1,False,False,True,False,True,False,False,True,False
386,0,3,0,1.0,5,2,46.9,2,False,1,False,8,False,False,True,True,False,False,False,False,True
387,1,2,1,36.0,0,0,13.0,2,False,0,True,1,False,False,True,False,False,True,False,True,False
388,0,3,0,28.0,0,0,7.7292,1,True,1,True,1,False,True,False,False,True,False,False,False,True
389,1,2,1,17.0,0,0,12.0,0,False,0,True,1,True,False,False,False,False,True,False,True,False
390,1,1,0,36.0,1,2,120.0,2,True,0,False,4,False,False,True,False,True,False,True,False,False
391,1,3,0,21.0,0,0,7.7958,2,True,0,True,1,False,False,True,False,True,False,False,False,True
392,0,3,0,28.0,2,0,7.925,2,True,1,False,3,False,False,True,False,True,False,False,False,True
393,1,1,1,23.0,1,0,113.275,0,False,0,False,2,True,False,False,False,False,True,True,False,False
394,1,3,1,24.0,0,2,16.7,2,False,0,False,3,False,False,True,False,False,True,False,False,True
395,0,3,0,22.0,0,0,7.7958,2,True,1,True,1,False,False,True,False,True,False,False,False,True
396,0,3,1,31.0,0,0,7.8542,2,False,1,True,1,False,False,True,False,False,True,False,False,True
397,0,2,0,46.0,0,0,26.0,2,True,1,True,1,False,False,True,False,True,False,False,True,False
398,0,2,0,23.0,0,0,10.5,2,True,1,True,1,False,False,True,False,True,False,False,True,False
399,1,2,1,28.0,0,0,12.65,2,False,0,True,1,False,False,True,False,False,True,False,True,False
400,1,3,0,39.0,0,0,7.925,2,True,0,True,1,False,False,True,False,True,False,False,False,True
401,0,3,0,26.0,0,0,8.05,2,True,1,True,1,False,False,True,False,True,False,False,False,True
402,0,3,1,21.0,1,0,9.825,2,False,1,False,2,False,False,True,False,False,True,False,False,True
403,0,3,0,28.0,1,0,15.85,2,True,1,False,2,False,False,True,False,True,False,False,False,True
404,0,3,1,20.0,0,0,8.6625,2,False,1,True,1,False,False,True,False,False,True,False,False,True
405,0,2,0,34.0,1,0,21.0,2,True,1,False,2,False,False,True,False,True,False,False,True,False
406,0,3,0,51.0,0,0,7.75,2,True,1,True,1,False,False,True,False,True,False,False,False,True
407,1,2,0,3.0,1,1,18.75,2,False,0,False,3,False,False,True,True,False,False,False,True,False
408,0,3,0,21.0,0,0,7.775,2,True,1,True,1,False,False,True,False,True,False,False,False,True
409,0,3,1,28.0,3,1,25.4667,2,False,1,False,5,False,False,True,False,False,True,False,False,True
410,0,3,0,28.0,0,0,7.8958,2,True,1,True,1,False,False,True,False,True,False,False,False,True
411,0,3,0,28.0,0,0,6.8583,1,True,1,True,1,False,True,False,False,True,False,False,False,True
412,1,1,1,33.0,1,0,90.0,1,False,0,False,2,False,True,False,False,False,True,True,False,False
413,0,2,0,28.0,0,0,0.0,2,True,1,True,1,False,False,True,False,True,False,False,True,False
414,1,3,0,44.0,0,0,7.925,2,True,0,True,1,False,False,True,False,True,False,False,False,True
415,0,3,1,28.0,0,0,8.05,2,False,1,True,1,False,False,True,False,False,True,False,False,True
416,1,2,1,34.0,1,1,32.5,2,False,0,False,3,False,False,True,False,False,True,False,True,False
417,1,2,1,18.0,0,2,13.0,2,False,0,False,3,False,False,True,False,False,True,False,True,False
418,0,2,0,30.0,0,0,13.0,2,True,1,True,1,False,False,True,False,True,False,False,True,False
419,0,3,1,10.0,0,2,24.15,2,False,1,False,3,False,False,True,True,False,False,False,False,True
420,0,3,0,28.0,0,0,7.8958,0,True,1,True,1,True,False,False,False,True,False,False,False,True
421,0,3,0,21.0,0,0,7.7333,1,True,1,True,1,False,True,False,False,True,False,False,False,True
422,0,3,0,29.0,0,0,7.875,2,True,1,True,1,False,False,True,False,True,False,False,False,True
423,0,3,1,28.0,1,1,14.4,2,False,1,False,3,False,False,True,False,False,True,False,False,True
424,0,3,0,18.0,1,1,20.2125,2,True,1,False,3,False,False,True,False,True,False,False,False,True
425,0,3,0,28.0,0,0,7.25,2,True,1,True,1,False,False,True,False,True,False,False,False,True
426,1,2,1,28.0,1,0,26.0,2,False,0,False,2,False,False,True,False,False,True,False,True,False
427,1,2,1,19.0,0,0,26.0,2,False,0,True,1,False,False,True,False,False,True,False,True,False
428,0,3,0,28.0,0,0,7.75,1,True,1,True,1,False,True,False,False,True,False,False,False,True
429,1,3,0,32.0,0,0,8.05,2,True,0,True,1,False,False,True,False,True,False,False,False,True
430,1,1,0,28.0,0,0,26.55,2,True,0,True,1,False,False,True,False,True,False,True,False,False
431,1,3,1,28.0,1,0,16.1,2,False,0,False,2,False,False,True,False,False,True,False,False,True
432,1,2,1,42.0,1,0,26.0,2,False,0,False,2,False,False,True,False,False,True,False,True,False
433,0,3,0,17.0,0,0,7.125,2,True,1,True,1,False,False,True,False,True,False,False,False,True
434,0,1,0,50.0,1,0,55.9,2,True,1,False,2,False,False,True,False,True,False,True,False,False
435,1,1,1,14.0,1,2,120.0,2,False,0,False,4,False,False,True,True,False,False,True,False,False
436,0,3,1,21.0,2,2,34.375,2,False,1,False,5,False,False,True,False,False,True,False,False,True
437,1,2,1,24.0,2,3,18.75,2,False,0,False,6,False,False,True,False,False,True,False,True,False
438,0,1,0,64.0,1,4,263.0,2,True,1,False,6,False,False,True,False,True,False,True,False,False
439,0,2,0,31.0,0,0,10.5,2,True,1,True,1,False,False,True,False,True,False,False,True,False
440,1,2,1,45.0,1,1,26.25,2,False,0,False,3,False,False,True,False,False,True,False,True,False
441,0,3,0,20.0,0,0,9.5,2,True,1,True,1,False,False,True,False,True,False,False,False,True
442,0,3,0,25.0,1,0,7.775,2,True,1,False,2,False,False,True,False,True,False,False,False,True
443,1,2,1,28.0,0,0,13.0,2,False,0,True,1,False,False,True,False,False,True,False,True,False
444,1,3,0,28.0,0,0,8.1125,2,True,0,True,1,False,False,True,False,True,False,False,False,True
445,1,1,0,4.0,0,2,81.8583,2,False,0,False,3,False,False,True,True,False,False,True,False,False
446,1,2,1,13.0,0,1,19.5,2,False,0,False,2,False,False,True,True,False,False,False,True,False
447,1,1,0,34.0,0,0,26.55,2,True,0,True,1,False,False,True,False,True,False,True,False,False
448,1,3,1,5.0,2,1,19.2583,0,False,0,False,4,True,False,False,True,False,False,False,False,True
449,1,1,0,52.0,0,0,30.5,2,True,0,True,1,False,False,True,False,True,False,True,False,False
450,0,2,0,36.0,1,2,27.75,2,True,1,False,4,False,False,True,False,True,False,False,True,False
451,0,3,0,28.0,1,0,19.9667,2,True,1,False,2,False,False,True,False,True,False,False,False,True
452,0,1,0,30.0,0,0,27.75,0,True,1,True,1,True,False,False,False,True,False,True,False,False
453,1,1,0,49.0,1,0,89.1042,0,True,0,False,2,True,False,False,False,True,False,True,False,False
454,0,3,0,28.0,0,0,8.05,2,True,1,True,1,False,False,True,False,True,False,False,False,True
455,1,3,0,29.0,0,0,7.8958,0,True,0,True,1,True,False,False,False,True,False,False,False,True
456,0,1,0,65.0,0,0,26.55,2,True,1,True,1,False,False,True,False,True,False,True,False,False
457,1,1,1,28.0,1,0,51.8625,2,False,0,False,2,False,False,True,False,False,True,True,False,False
458,1,2,1,50.0,0,0,10.5,2,False,0,True,1,False,False,True,False,False,True,False,True,False
459,0,3,0,28.0,0,0,7.75,1,True,1,True,1,False,True,False,False,True,False,False,False,True
460,1,1,0,48.0,0,0,26.55,2,True,0,True,1,False,False,True,False,True,False,True,False,False
461,0,3,0,34.0,0,0,8.05,2,True,1,True,1,False,False,True,False,True,False,False,False,True
462,0,1,0,47.0,0,0,38.5,2,True,1,True,1,False,False,True,False,True,False,True,False,False
463,0,2,0,48.0,0,0,13.0,2,True,1,True,1,False,False,True,False,True,False,False,True,False
464,0,3,0,28.0,0,0,8.05,2,True,1,True,1,False,False,True,False,True,False,False,False,True
465,0,3,0,38.0,0,0,7.05,2,True,1,True,1,False,False,True,False,True,False,False,False,True
466,0,2,0,28.0,0,0,0.0,2,True,1,True,1,False,False,True,False,True,False,False,True,False
467,0,1,0,56.0,0,0,26.55,2,True,1,True,1,False,False,True,False,True,False,True,False,False
468,0,3,0,28.0,0,0,7.725,1,True,1,True,1,False,True,False,False,True,False,False,False,True
469,1,3,1,0.75,2,1,19.2583,0,False,0,False,4,True,False,False,True,False,False,False,False,True
470,0,3,0,28.0,0,0,7.25,2,True,1,True,1,False,False,True,False,True,False,False,False,True
471,0,3,0,38.0,0,0,8.6625,2,True,1,True,1,False,False,True,False,True,False,False,False,True
472,1,2,1,33.0,1,2,27.75,2,False,0,False,4,False,False,True,False,False,True,False,True,False
473,1,2,1,23.0,0,0,13.7917,0,False,0,True,1,True,False,False,False,False,True,False,True,False
474,0,3,1,22.0,0,0,9.8375,2,False,1,True,1,False,False,True,False,False,True,False,False,True
475,0,1,0,28.0,0,0,52.0,2,True,1,True,1,False,False,True,False,True,False,True,False,False
476,0,2,0,34.0,1,0,21.0,2,True,1,False,2,False,False,True,False,True,False,False,True,False
477,0,3,0,29.0,1,0,7.0458,2,True,1,False,2,False,False,True,False,True,False,False,False,True
478,0,3,0,22.0,0,0,7.5208,2,True,1,True,1,False,False,True,False,True,False,False,False,True
479,1,3,1,2.0,0,1,12.2875,2,False,0,False,2,False,False,True,True,False,False,False,False,True
480,0,3,0,9.0,5,2,46.9,2,False,1,False,8,False,False,True,True,False,False,False,False,True
481,0,2,0,28.0,0,0,0.0,2,True,1,True,1,False,False,True,False,True,False,False,True,False
482,0,3,0,50.0,0,0,8.05,2,True,1,True,1,False,False,True,False,True,False,False,False,True
483,1,3,1,63.0,0,0,9.5875,2,False,0,True,1,False,False,True,False,False,True,False,False,True
484,1,1,0,25.0,1,0,91.0792,0,True,0,False,2,True,False,False,False,True,False,True,False,False
485,0,3,1,28.0,3,1,25.4667,2,False,1,False,5,False,False,True,False,False,True,False,False,True
486,1,1,1,35.0,1,0,90.0,2,False,0,False,2,False,False,True,False,False,True,True,False,False
487,0,1,0,58.0,0,0,29.7,0,True,1,True,1,True,False,False,False,True,False,True,False,False
488,0,3,0,30.0,0,0,8.05,2,True,1,True,1,False,False,True,False,True,False,False,False,True
489,1,3,0,9.0,1,1,15.9,2,False,0,False,3,False,False,True,True,False,False,False,False,True
490,0,3,0,28.0,1,0,19.9667,2,True,1,False,2,False,False,True,False,True,False,False,False,True
491,0,3,0,21.0,0,0,7.25,2,True,1,True,1,False,False,True,False,True,False,False,False,True
492,0,1,0,55.0,0,0,30.5,2,True,1,True,1,False,False,True,False,True,False,True,False,False
493,0,1,0,71.0,0,0,49.5042,0,True,1,True,1,True,False,False,False,True,False,True,False,False
494,0,3,0,21.0,0,0,8.05,2,True,1,True,1,False,False,True,False,True,False,False,False,True
495,0,3,0,28.0,0,0,14.4583,0,True,1,True,1,True,False,False,False,True,False,False,False,True
496,1,1,1,54.0,1,0,78.2667,0,False,0,False,2,True,False,False,False,False,True,True,False,False
497,0,3,0,28.0,0,0,15.1,2,True,1,True,1,False,False,True,False,True,False,False,False,True
498,0,1,1,25.0,1,2,151.55,2,False,1,False,4,False,False,True,False,False,True,True,False,False
499,0,3,0,24.0,0,0,7.7958,2,True,1,True,1,False,False,True,False,True,False,False,False,True
500,0,3,0,17.0,0,0,8.6625,2,True,1,True,1,False,False,True,False,True,False,False,False,True
501,0,3,1,21.0,0,0,7.75,1,False,1,True,1,False,True,False,False,False,True,False,False,True
502,0,3,1,28.0,0,0,7.6292,1,False,1,True,1,False,True,False,False,False,True,False,False,True
503,0,3,1,37.0,0,0,9.5875,2,False,1,True,1,False,False,True,False,False,True,False,False,True
504,1,1,1,16.0,0,0,86.5,2,False,0,True,1,False,False,True,False,False,True,True,False,False
505,0,1,0,18.0,1,0,108.9,0,True,1,False,2,True,False,False,False,True,False,True,False,False
506,1,2,1,33.0,0,2,26.0,2,False,0,False,3,False,False,True,False,False,True,False,True,False
507,1,1,0,28.0,0,0,26.55,2,True,0,True,1,False,False,True,False,True,False,True,False,False
508,0,3,0,28.0,0,0,22.525,2,True,1,True,1,False,False,True,False,True,False,False,False,True
509,1,3,0,26.0,0,0,56.4958,2,True,0,True,1,False,False,True,False,True,False,False,False,True
510,1,3,0,29.0,0,0,7.75,1,True,0,True,1,False,True,False,False,True,False,False,False,True
511,0,3,0,28.0,0,0,8.05,2,True,1,True,1,False,False,True,False,True,False,False,False,True
512,1,1,0,36.0,0,0,26.2875,2,True,0,True,1,False,False,True,False,True,False,True,False,False
513,1,1,1,54.0,1,0,59.4,0,False,0,False,2,True,False,False,False,False,True,True,False,False
514,0,3,0,24.0,0,0,7.4958,2,True,1,True,1,False,False,True,False,True,False,False,False,True
515,0,1,0,47.0,0,0,34.0208,2,True,1,True,1,False,False,True,False,True,False,True,False,False
516,1,2,1,34.0,0,0,10.5,2,False,0,True,1,False,False,True,False,False,True,False,True,False
517,0,3,0,28.0,0,0,24.15,1,True,1,True,1,False,True,False,False,True,False,False,False,True
518,1,2,1,36.0,1,0,26.0,2,False,0,False,2,False,False,True,False,False,True,False,True,False
519,0,3,0,32.0,0,0,7.8958,2,True,1,True,1,False,False,True,False,True,False,False,False,True
520,1,1,1,30.0,0,0,93.5,2,False,0,True,1,False,False,True,False,False,True,True,False,False
521,0,3,0,22.0,0,0,7.8958,2,True,1,True,1,False,False,True,False,True,False,False,False,True
522,0,3,0,28.0,0,0,7.225,0,True,1,True,1,True,False,False,False,True,False,False,False,True
523,1,1,1,44.0,0,1,57.9792,0,False,0,False,2,True,False,False,False,False,True,True,False,False
524,0,3,0,28.0,0,0,7.2292,0,True,1,True,1,True,False,False,False,True,False,False,False,True
525,0,3,0,40.5,0,0,7.75,1,True,1,True,1,False,True,False,False,True,False,False,False,True
526,1,2,1,50.0,0,0,10.5,2,False,0,True,1,False,False,True,False,False,True,False,True,False
527,0,1,0,28.0,0,0,221.7792,2,True,1,True,1,False,False,True,False,True,False,True,False,False
528,0,3,0,39.0,0,0,7.925,2,True,1,True,1,False,False,True,False,True,False,False,False,True
529,0,2,0,23.0,2,1,11.5,2,True,1,False,4,False,False,True,False,True,False,False,True,False
530,1,2,1,2.0,1,1,26.0,2,False,0,False,3,False,False,True,True,False,False,False,True,False
531,0,3,0,28.0,0,0,7.2292,0,True,1,True,1,True,False,False,False,True,False,False,False,True
532,0,3,0,17.0,1,1,7.2292,0,True,1,False,3,True,False,False,False,True,False,False,False,True
533,1,3,1,28.0,0,2,22.3583,0,False,0,False,3,True,False,False,False,False,True,False,False,True
534,0,3,1,30.0,0,0,8.6625,2,False,1,True,1,False,False,True,False,False,True,False,False,True
535,1,2,1,7.0,0,2,26.25,2,False,0,False,3,False,False,True,True,False,False,False,True,False
536,0,1,0,45.0,0,0,26.55,2,True,1,True,1,False,False,True,False,True,False,True,False,False
537,1,1,1,30.0,0,0,106.425,0,False,0,True,1,True,False,False,False,False,True,True,False,False
538,0,3,0,28.0,0,0,14.5,2,True,1,True,1,False,False,True,False,True,False,False,False,True
539,1,1,1,22.0,0,2,49.5,0,False,0,False,3,True,False,False,False,False,True,True,False,False
540,1,1,1,36.0,0,2,71.0,2,False,0,False,3,False,False,True,False,False,True,True,False,False
541,0,3,1,9.0,4,2,31.275,2,False,1,False,7,False,False,True,True,False,False,False,False,True
542,0,3,1,11.0,4,2,31.275,2,False,1,False,7,False,False,True,True,False,False,False,False,True
543,1,2,0,32.0,1,0,26.0,2,True,0,False,2,False,False,True,False,True,False,False,True,False
544,0,1,0,50.0,1,0,106.425,0,True,1,False,2,True,False,False,False,True,False,True,False,False
545,0,1,0,64.0,0,0,26.0,2,True,1,True,1,False,False,True,False,True,False,True,False,False
546,1,2,1,19.0,1,0,26.0,2,False,0,False,2,False,False,True,False,False,True,False,True,False
547,1,2,0,28.0,0,0,13.8625,0,True,0,True,1,True,False,False,False,True,False,False,True,False
548,0,3,0,33.0,1,1,20.525,2,True,1,False,3,False,False,True,False,True,False,False,False,True
549,1,2,0,8.0,1,1,36.75,2,False,0,False,3,False,False,True,True,False,False,False,True,False
550,1,1,0,17.0,0,2,110.8833,0,True,0,False,3,True,False,False,False,True,False,True,False,False
551,0,2,0,27.0,0,0,26.0,2,True,1,True,1,False,False,True,False,True,False,False,True,False
552,0,3,0,28.0,0,0,7.8292,1,True,1,True,1,False,True,False,False,True,False,False,False,True
553,1,3,0,22.0,0,0,7.225,0,True,0,True,1,True,False,False,False,True,False,False,False,True
554,1,3,1,22.0,0,0,7.775,2,False,0,True,1,False,False,True,False,False,True,False,False,True
555,0,1,0,62.0,0,0,26.55,2,True,1,True,1,False,False,True,False,True,False,True,False,False
556,1,1,1,48.0,1,0,39.6,0,False,0,False,2,True,False,False,False,False,True,True,False,False
557,0,1,0,28.0,0,0,227.525,0,True,1,True,1,True,False,False,False,True,False,True,False,False
558,1,1,1,39.0,1,1,79.65,2,False,0,False,3,False,False,True,False,False,True,True,False,False
559,1,3,1,36.0,1,0,17.4,2,False,0,False,2,False,False,True,False,False,True,False,False,True
560,0,3,0,28.0,0,0,7.75,1,True,1,True,1,False,True,False,False,True,False,False,False,True
561,0,3,0,40.0,0,0,7.8958,2,True,1,True,1,False,False,True,False,True,False,False,False,True
562,0,2,0,28.0,0,0,13.5,2,True,1,True,1,False,False,True,False,True,False,False,True,False
563,0,3,0,28.0,0,0,8.05,2,True,1,True,1,False,False,True,False,True,False,False,False,True
564,0,3,1,28.0,0,0,8.05,2,False,1,True,1,False,False,True,False,False,True,False,False,True
565,0,3,0,24.0,2,0,24.15,2,True,1,False,3,False,False,True,False,True,False,False,False,True
566,0,3,0,19.0,0,0,7.8958,2,True,1,True,1,False,False,True,False,True,False,False,False,True
567,0,3,1,29.0,0,4,21.075,2,False,1,False,5,False,False,True,False,False,True,False,False,True
568,0,3,0,28.0,0,0,7.2292,0,True,1,True,1,True,False,False,False,True,False,False,False,True
569,1,3,0,32.0,0,0,7.8542,2,True,0,True,1,False,False,True,False,True,False,False,False,True
570,1,2,0,62.0,0,0,10.5,2,True,0,True,1,False,False,True,False,True,False,False,True,False
571,1,1,1,53.0,2,0,51.4792,2,False,0,False,3,False,False,True,False,False,True,True,False,False
572,1,1,0,36.0,0,0,26.3875,2,True,0,True,1,False,False,True,False,True,False,True,False,False
573,1,3,1,28.0,0,0,7.75,1,False,0,True,1,False,True,False,False,False,True,False,False,True
574,0,3,0,16.0,0,0,8.05,2,True,1,True,1,False,False,True,False,True,False,False,False,True
575,0,3,0,19.0,0,0,14.5,2,True,1,True,1,False,False,True,False,True,False,False,False,True
576,1,2,1,34.0,0,0,13.0,2,False,0,True,1,False,False,True,False,False,True,False,True,False
577,1,1,1,39.0,1,0,55.9,2,False,0,False,2,False,False,True,False,False,True,True,False,False
578,0,3,1,28.0,1,0,14.4583,0,False,1,False,2,True,False,False,False,False,True,False,False,True
579,1,3,0,32.0,0,0,7.925,2,True,0,True,1,False,False,True,False,True,False,False,False,True
580,1,2,1,25.0,1,1,30.0,2,False,0,False,3,False,False,True,False,False,True,False,True,False
581,1,1,1,39.0,1,1,110.8833,0,False,0,False,3,True,False,False,False,False,True,True,False,False
582,0,2,0,54.0,0,0,26.0,2,True,1,True,1,False,False,True,False,True,False,False,True,False
583,0,1,0,36.0,0,0,40.125,0,True,1,True,1,True,False,False,False,True,False,True,False,False
584,0,3,0,28.0,0,0,8.7125,0,True,1,True,1,True,False,False,False,True,False,False,False,True
585,1,1,1,18.0,0,2,79.65,2,False,0,False,3,False,False,True,False,False,True,True,False,False
586,0,2,0,47.0,0,0,15.0,2,True,1,True,1,False,False,True,False,True,False,False,True,False
587,1,1,0,60.0,1,1,79.2,0,True,0,False,3,True,False,False,False,True,False,True,False,False
588,0,3,0,22.0,0,0,8.05,2,True,1,True,1,False,False,True,False,True,False,False,False,True
589,0,3,0,28.0,0,0,8.05,2,True,1,True,1,False,False,True,False,True,False,False,False,True
590,0,3,0,35.0,0,0,7.125,2,True,1,True,1,False,False,True,False,True,False,False,False,True
591,1,1,1,52.0,1,0,78.2667,0,False,0,False,2,True,False,False,False,False,True,True,False,False
592,0,3,0,47.0,0,0,7.25,2,True,1,True,1,False,False,True,False,True,False,False,False,True
593,0,3,1,28.0,0,2,7.75,1,False,1,False,3,False,True,False,False,False,True,False,False,True
594,0,2,0,37.0,1,0,26.0,2,True,1,False,2,False,False,True,False,True,False,False,True,False
595,0,3,0,36.0,1,1,24.15,2,True,1,False,3,False,False,True,False,True,False,False,False,True
596,1,2,1,28.0,0,0,33.0,2,False,0,True,1,False,False,True,False,False,True,False,True,False
597,0,3,0,49.0,0,0,0.0,2,True,1,True,1,False,False,True,False,True,False,False,False,True
598,0,3,0,28.0,0,0,7.225,0,True,1,True,1,True,False,False,False,True,False,False,False,True
599,1,1,0,49.0,1,0,56.9292,0,True,0,False,2,True,False,False,False,True,False,True,False,False
600,1,2,1,24.0,2,1,27.0,2,False,0,False,4,False,False,True,False,False,True,False,True,False
601,0,3,0,28.0,0,0,7.8958,2,True,1,True,1,False,False,True,False,True,False,False,False,True
602,0,1,0,28.0,0,0,42.4,2,True,1,True,1,False,False,True,False,True,False,True,False,False
603,0,3,0,44.0,0,0,8.05,2,True,1,True,1,False,False,True,False,True,False,False,False,True
604,1,1,0,35.0,0,0,26.55,0,True,0,True,1,True,False,False,False,True,False,True,False,False
605,0,3,0,36.0,1,0,15.55,2,True,1,False,2,False,False,True,False,True,False,False,False,True
606,0,3,0,30.0,0,0,7.8958,2,True,1,True,1,False,False,True,False,True,False,False,False,True
607,1,1,0,27.0,0,0,30.5,2,True,0,True,1,False,False,True,False,True,False,True,False,False
608,1,2,1,22.0,1,2,41.5792,0,False,0,False,4,True,False,False,False,False,True,False,True,False
609,1,1,1,40.0,0,0,153.4625,2,False,0,True,1,False,False,True,False,False,True,True,False,False
610,0,3,1,39.0,1,5,31.275,2,False,1,False,7,False,False,True,False,False,True,False,False,True
611,0,3,0,28.0,0,0,7.05,2,True,1,True,1,False,False,True,False,True,False,False,False,True
612,1,3,1,28.0,1,0,15.5,1,False,0,False,2,False,True,False,False,False,True,False,False,True
613,0,3,0,28.0,0,0,7.75,1,True,1,True,1,False,True,False,False,True,False,False,False,True
614,0,3,0,35.0,0,0,8.05,2,True,1,True,1,False,False,True,False,True,False,False,False,True
615,1,2,1,24.0,1,2,65.0,2,False,0,False,4,False,False,True,False,False,True,False,True,False
616,0,3,0,34.0,1,1,14.4,2,True,1,False,3,False,False,True,False,True,False,False,False,True
617,0,3,1,26.0,1,0,16.1,2,False,1,False,2,False,False,True,False,False,True,False,False,True
618,1,2,1,4.0,2,1,39.0,2,False,0,False,4,False,False,True,True,False,False,False,True,False
619,0,2,0,26.0,0,0,10.5,2,True,1,True,1,False,False,True,False,True,False,False,True,False
620,0,3,0,27.0,1,0,14.4542,0,True,1,False,2,True,False,False,False,True,False,False,False,True
621,1,1,0,42.0,1,0,52.5542,2,True,0,False,2,False,False,True,False,True,False,True,False,False
622,1,3,0,20.0,1,1,15.7417,0,True,0,False,3,True,False,False,False,True,False,False,False,True
623,0,3,0,21.0,0,0,7.8542,2,True,1,True,1,False,False,True,False,True,False,False,False,True
624,0,3,0,21.0,0,0,16.1,2,True,1,True,1,False,False,True,False,True,False,False,False,True
625,0,1,0,61.0,0,0,32.3208,2,True,1,True,1,False,False,True,False,True,False,True,False,False
626,0,2,0,57.0,0,0,12.35,1,True,1,True,1,False,True,False,False,True,False,False,True,False
627,1,1,1,21.0,0,0,77.9583,2,False,0,True,1,False,False,True,False,False,True,True,False,False
628,0,3,0,26.0,0,0,7.8958,2,True,1,True,1,False,False,True,False,True,False,False,False,True
629,0,3,0,28.0,0,0,7.7333,1,True,1,True,1,False,True,False,False,True,False,False,False,True
630,1,1,0,80.0,0,0,30.0,2,True,0,True,1,False,False,True,False,True,False,True,False,False
631,0,3,0,51.0,0,0,7.0542,2,True,1,True,1,False,False,True,False,True,False,False,False,True
632,1,1,0,32.0,0,0,30.5,0,True,0,True,1,True,False,False,False,True,False,True,False,False
633,0,1,0,28.0,0,0,0.0,2,True,1,True,1,False,False,True,False,True,False,True,False,False
634,0,3,1,9.0,3,2,27.9,2,False,1,False,6,False,False,True,True,False,False,False,False,True
635,1,2,1,28.0,0,0,13.0,2,False,0,True,1,False,False,True,False,False,True,False,True,False
636,0,3,0,32.0,0,0,7.925,2,True,1,True,1,False,False,True,False,True,False,False,False,True
637,0,2,0,31.0,1,1,26.25,2,True,1,False,3,False,False,True,False,True,False,False,True,False
638,0,3,1,41.0,0,5,39.6875,2,False,1,False,6,False,False,True,False,False,True,False,False,True
639,0,3,0,28.0,1,0,16.1,2,True,1,False,2,False,False,True,False,True,False,False,False,True
640,0,3,0,20.0,0,0,7.8542,2,True,1,True,1,False,False,True,False,True,False,False,False,True
641,1,1,1,24.0,0,0,69.3,0,False,0,True,1,True,False,False,False,False,True,True,False,False
642,0,3,1,2.0,3,2,27.9,2,False,1,False,6,False,False,True,True,False,False,False,False,True
643,1,3,0,28.0,0,0,56.4958,2,True,0,True,1,False,False,True,False,True,False,False,False,True
644,1,3,1,0.75,2,1,19.2583,0,False,0,False,4,True,False,False,True,False,False,False,False,True
645,1,1,0,48.0,1,0,76.7292,0,True,0,False,2,True,False,False,False,True,False,True,False,False
646,0,3,0,19.0,0,0,7.8958,2,True,1,True,1,False,False,True,False,True,False,False,False,True
647,1,1,0,56.0,0,0,35.5,0,True,0,True,1,True,False,False,False,True,False,True,False,False
648,0,3,0,28.0,0,0,7.55,2,True,1,True,1,False,False,True,False,True,False,False,False,True
649,1,3,1,23.0,0,0,7.55,2,False,0,True,1,False,False,True,False,False,True,False,False,True
650,0,3,0,28.0,0,0,7.8958,2,True,1,True,1,False,False,True,False,True,False,False,False,True
651,1,2,1,18.0,0,1,23.0,2,False,0,False,2,False,False,True,False,False,True,False,True,False
652,0,3,0,21.0,0,0,8.4333,2,True,1,True,1,False,False,True,False,True,False,False,False,True
653,1,3,1,28.0,0,0,7.8292,1,False,0,True,1,False,True,False,False,False,True,False,False,True
654,0,3,1,18.0,0,0,6.75,1,False,1,True,1,False,True,False,False,False,True,False,False,True
655,0,2,0,24.0,2,0,73.5,2,True,1,False,3,False,False,True,False,True,False,False,True,False
656,0,3,0,28.0,0,0,7.8958,2,True,1,True,1,False,False,True,False,True,False,False,False,True
657,0,3,1,32.0,1,1,15.5,1,False,1,False,3,False,True,False,False,False,True,False,False,True
658,0,2,0,23.0,0,0,13.0,2,True,1,True,1,False,False,True,False,True,False,False,True,False
659,0,1,0,58.0,0,2,113.275,0,True,1,False,3,True,False,False,False,True,False,True,False,False
660,1,1,0,50.0,2,0,133.65,2,True,0,False,3,False,False,True,False,True,False,True,False,False
661,0,3,0,40.0,0,0,7.225,0,True,1,True,1,True,False,False,False,True,False,False,False,True
662,0,1,0,47.0,0,0,25.5875,2,True,1,True,1,False,False,True,False,True,False,True,False,False
663,0,3,0,36.0,0,0,7.4958,2,True,1,True,1,False,False,True,False,True,False,False,False,True
664,1,3,0,20.0,1,0,7.925,2,True,0,False,2,False,False,True,False,True,False,False,False,True
665,0,2,0,32.0,2,0,73.5,2,True,1,False,3,False,False,True,False,True,False,False,True,False
666,0,2,0,25.0,0,0,13.0,2,True,1,True,1,False,False,True,False,True,False,False,True,False
667,0,3,0,28.0,0,0,7.775,2,True,1,True,1,False,False,True,False,True,False,False,False,True
668,0,3,0,43.0,0,0,8.05,2,True,1,True,1,False,False,True,False,True,False,False,False,True
669,1,1,1,28.0,1,0,52.0,2,False,0,False,2,False,False,True,False,False,True,True,False,False
670,1,2,1,40.0,1,1,39.0,2,False,0,False,3,False,False,True,False,False,True,False,True,False
671,0,1,0,31.0,1,0,52.0,2,True,1,False,2,False,False,True,False,True,False,True,False,False
672,0,2,0,70.0,0,0,10.5,2,True,1,True,1,False,False,True,False,True,False,False,True,False
673,1,2,0,31.0,0,0,13.0,2,True,0,True,1,False,False,True,False,True,False,False,True,False
674,0,2,0,28.0,0,0,0.0,2,True,1,True,1,False,False,True,False,True,False,False,True,False
675,0,3,0,18.0,0,0,7.775,2,True,1,True,1,False,False,True,False,True,False,False,False,True
676,0,3,0,24.5,0,0,8.05,2,True,1,True,1,False,False,True,False,True,False,False,False,True
677,1,3,1,18.0,0,0,9.8417,2,False,0,True,1,False,False,True,False,False,True,False,False,True
678,0,3,1,43.0,1,6,46.9,2,False,1,False,8,False,False,True,False,False,True,False,False,True
679,1,1,0,36.0,0,1,512.3292,0,True,0,False,2,True,False,False,False,True,False,True,False,False
680,0,3,1,28.0,0,0,8.1375,1,False,1,True,1,False,True,False,False,False,True,False,False,True
681,1,1,0,27.0,0,0,76.7292,0,True,0,True,1,True,False,False,False,True,False,True,False,False
682,0,3,0,20.0,0,0,9.225,2,True,1,True,1,False,False,True,False,True,False,False,False,True
683,0,3,0,14.0,5,2,46.9,2,False,1,False,8,False,False,True,True,False,False,False,False,True
684,0,2,0,60.0,1,1,39.0,2,True,1,False,3,False,False,True,False,True,False,False,True,False
685,0,2,0,25.0,1,2,41.5792,0,True,1,False,4,True,False,False,False,True,False,False,True,False
686,0,3,0,14.0,4,1,39.6875,2,False,1,False,6,False,False,True,True,False,False,False,False,True
687,0,3,0,19.0,0,0,10.1708,2,True,1,True,1,False,False,True,False,True,False,False,False,True
688,0,3,0,18.0,0,0,7.7958,2,True,1,True,1,False,False,True,False,True,False,False,False,True
689,1,1,1,15.0,0,1,211.3375,2,False,0,False,2,False,False,True,True,False,False,True,False,False
690,1,1,0,31.0,1,0,57.0,2,True,0,False,2,False,False,True,False,True,False,True,False,False
691,1,3,1,4.0,0,1,13.4167,0,False,0,False,2,True,False,False,True,False,False,False,False,True
692,1,3,0,28.0,0,0,56.4958,2,True,0,True,1,False,False,True,False,True,False,False,False,True
693,0,3,0,25.0,0,0,7.225,0,True,1,True,1,True,False,False,False,True,False,False,False,True
694,0,1,0,60.0,0,0,26.55,2,True,1,True,1,False,False,True,False,True,False,True,False,False
695,0,2,0,52.0,0,0,13.5,2,True,1,True,1,False,False,True,False,True,False,False,True,False
696,0,3,0,44.0,0,0,8.05,2,True,1,True,1,False,False,True,False,True,False,False,False,True
697,1,3,1,28.0,0,0,7.7333,1,False,0,True,1,False,True,False,False,False,True,False,False,True
698,0,1,0,49.0,1,1,110.8833,0,True,1,False,3,True,False,False,False,True,False,True,False,False
699,0,3,0,42.0,0,0,7.65,2,True,1,True,1,False,False,True,False,True,False,False,False,True
700,1,1,1,18.0,1,0,227.525,0,False,0,False,2,True,False,False,False,False,True,True,False,False
701,1,1,0,35.0,0,0,26.2875,2,True,0,True,1,False,False,True,False,True,False,True,False,False
702,0,3,1,18.0,0,1,14.4542,0,False,1,False,2,True,False,False,False,False,True,False,False,True
703,0,3,0,25.0,0,0,7.7417,1,True,1,True,1,False,True,False,False,True,False,False,False,True
704,0,3,0,26.0,1,0,7.8542,2,True,1,False,2,False,False,True,False,True,False,False,False,True
705,0,2,0,39.0,0,0,26.0,2,True,1,True,1,False,False,True,False,True,False,False,True,False
706,1,2,1,45.0,0,0,13.5,2,False,0,True,1,False,False,True,False,False,True,False,True,False
707,1,1,0,42.0,0,0,26.2875,2,True,0,True,1,False,False,True,False,True,False,True,False,False
708,1,1,1,22.0,0,0,151.55,2,False,0,True,1,False,False,True,False,False,True,True,False,False
709,1,3,0,28.0,1,1,15.2458,0,True,0,False,3,True,False,False,False,True,False,False,False,True
710,1,1,1,24.0,0,0,49.5042,0,False,0,True,1,True,False,False,False,False,True,True,False,False
711,0,1,0,28.0,0,0,26.55,2,True,1,True,1,False,False,True,False,True,False,True,False,False
712,1,1,0,48.0,1,0,52.0,2,True,0,False,2,False,False,True,False,True,False,True,False,False
713,0,3,0,29.0,0,0,9.4833,2,True,1,True,1,False,False,True,False,True,False,False,False,True
714,0,2,0,52.0,0,0,13.0,2,True,1,True,1,False,False,True,False,True,False,False,True,False
715,0,3,0,19.0,0,0,7.65,2,True,1,True,1,False,False,True,False,True,False,False,False,True
716,1,1,1,38.0,0,0,227.525,0,False,0,True,1,True,False,False,False,False,True,True,False,False
717,1,2,1,27.0,0,0,10.5,2,False,0,True,1,False,False,True,False,False,True,False,True,False
718,0,3,0,28.0,0,0,15.5,1,True,1,True,1,False,True,False,False,True,False,False,False,True
719,0,3,0,33.0,0,0,7.775,2,True,1,True,1,False,False,True,False,True,False,False,False,True
720,1,2,1,6.0,0,1,33.0,2,False,0,False,2,False,False,True,True,False,False,False,True,False
721,0,3,0,17.0,1,0,7.0542,2,True,1,False,2,False,False,True,False,True,False,False,False,True
722,0,2,0,34.0,0,0,13.0,2,True,1,True,1,False,False,True,False,True,False,False,True,False
723,0,2,0,50.0,0,0,13.0,2,True,1,True,1,False,False,True,False,True,False,False,True,False
724,1,1,0,27.0,1,0,53.1,2,True,0,False,2,False,False,True,False,True,False,True,False,False
725,0,3,0,20.0,0,0,8.6625,2,True,1,True,1,False,False,True,False,True,False,False,False,True
726,1,2,1,30.0,3,0,21.0,2,False,0,False,4,False,False,True,False,False,True,False,True,False
727,1,3,1,28.0,0,0,7.7375,1,False,0,True,1,False,True,False,False,False,True,False,False,True
728,0,2,0,25.0,1,0,26.0,2,True,1,False,2,False,False,True,False,True,False,False,True,False
729,0,3,1,25.0,1,0,7.925,2,False,1,False,2,False,False,True,False,False,True,False,False,True
730,1,1,1,29.0,0,0,211.3375,2,False,0,True,1,False,False,True,False,False,True,True,False,False
731,0,3,0,11.0,0,0,18.7875,0,False,1,True,1,True,False,False,True,False,False,False,False,True
732,0,2,0,28.0,0,0,0.0,2,True,1,True,1,False,False,True,False,True,False,False,True,False
733,0,2,0,23.0,0,0,13.0,2,True,1,True,1,False,False,True,False,True,False,False,True,False
734,0,2,0,23.0,0,0,13.0,2,True,1,True,1,False,False,True,False,True,False,False,True,False
735,0,3,0,28.5,0,0,16.1,2,True,1,True,1,False,False,True,False,True,False,False,False,True
736,0,3,1,48.0,1,3,34.375,2,False,1,False,5,False,False,True,False,False,True,False,False,True
737,1,1,0,35.0,0,0,512.3292,0,True,0,True,1,True,False,False,False,True,False,True,False,False
738,0,3,0,28.0,0,0,7.8958,2,True,1,True,1,False,False,True,False,True,False,False,False,True
739,0,3,0,28.0,0,0,7.8958,2,True,1,True,1,False,False,True,False,True,False,False,False,True
740,1,1,0,28.0,0,0,30.0,2,True,0,True,1,False,False,True,False,True,False,True,False,False
741,0,1,0,36.0,1,0,78.85,2,True,1,False,2,False,False,True,False,True,False,True,False,False
742,1,1,1,21.0,2,2,262.375,0,False,0,False,5,True,False,False,False,False,True,True,False,False
743,0,3,0,24.0,1,0,16.1,2,True,1,False,2,False,False,True,False,True,False,False,False,True
744,1,3,0,31.0,0,0,7.925,2,True,0,True,1,False,False,True,False,True,False,False,False,True
745,0,1,0,70.0,1,1,71.0,2,True,1,False,3,False,False,True,False,True,False,True,False,False
746,0,3,0,16.0,1,1,20.25,2,True,1,False,3,False,False,True,False,True,False,False,False,True
747,1,2,1,30.0,0,0,13.0,2,False,0,True,1,False,False,True,False,False,True,False,True,False
748,0,1,0,19.0,1,0,53.1,2,True,1,False,2,False,False,True,False,True,False,True,False,False
749,0,3,0,31.0,0,0,7.75,1,True,1,True,1,False,True,False,False,True,False,False,False,True
750,1,2,1,4.0,1,1,23.0,2,False,0,False,3,False,False,True,True,False,False,False,True,False
751,1,3,0,6.0,0,1,12.475,2,False,0,False,2,False,False,True,True,False,False,False,False,True
752,0,3,0,33.0,0,0,9.5,2,True,1,True,1,False,False,True,False,True,False,False,False,True
753,0,3,0,23.0,0,0,7.8958,2,True,1,True,1,False,False,True,False,True,False,False,False,True
754,1,2,1,48.0,1,2,65.0,2,False,0,False,4,False,False,True,False,False,True,False,True,False
755,1,2,0,0.67,1,1,14.5,2,False,0,False,3,False,False,True,True,False,False,False,True,False
756,0,3,0,28.0,0,0,7.7958,2,True,1,True,1,False,False,True,False,True,False,False,False,True
757,0,2,0,18.0,0,0,11.5,2,True,1,True,1,False,False,True,False,True,False,False,True,False
758,0,3,0,34.0,0,0,8.05,2,True,1,True,1,False,False,True,False,True,False,False,False,True
759,1,1,1,33.0,0,0,86.5,2,False,0,True,1,False,False,True,False,False,True,True,False,False
760,0,3,0,28.0,0,0,14.5,2,True,1,True,1,False,False,True,False,True,False,False,False,True
761,0,3,0,41.0,0,0,7.125,2,True,1,True,1,False,False,True,False,True,False,False,False,True
762,1,3,0,20.0,0,0,7.2292,0,True,0,True,1,True,False,False,False,True,False,False,False,True
763,1,1,1,36.0,1,2,120.0,2,False,0,False,4,False,False,True,False,False,True,True,False,False
764,0,3,0,16.0,0,0,7.775,2,True,1,True,1,False,False,True,False,True,False,False,False,True
765,1,1,1,51.0,1,0,77.9583,2,False,0,False,2,False,False,True,False,False,True,True,False,False
766,0,1,0,28.0,0,0,39.6,0,True,1,True,1,True,False,False,False,True,False,True,False,False
767,0,3,1,30.5,0,0,7.75,1,False,1,True,1,False,True,False,False,False,True,False,False,True
768,0,3,0,28.0,1,0,24.15,1,True,1,False,2,False,True,False,False,True,False,False,False,True
769,0,3,0,32.0,0,0,8.3625,2,True,1,True,1,False,False,True,False,True,False,False,False,True
770,0,3,0,24.0,0,0,9.5,2,True,1,True,1,False,False,True,False,True,False,False,False,True
771,0,3,0,48.0,0,0,7.8542,2,True,1,True,1,False,False,True,False,True,False,False,False,True
772,0,2,1,57.0,0,0,10.5,2,False,1,True,1,False,False,True,False,False,True,False,True,False
773,0,3,0,28.0,0,0,7.225,0,True,1,True,1,True,False,False,False,True,False,False,False,True
774,1,2,1,54.0,1,3,23.0,2,False,0,False,5,False,False,True,False,False,True,False,True,False
775,0,3,0,18.0,0,0,7.75,2,True,1,True,1,False,False,True,False,True,False,False,False,True
776,0,3,0,28.0,0,0,7.75,1,True,1,True,1,False,True,False,False,True,False,False,False,True
777,1,3,1,5.0,0,0,12.475,2,False,0,True,1,False,False,True,True,False,False,False,False,True
778,0,3,0,28.0,0,0,7.7375,1,True,1,True,1,False,True,False,False,True,False,False,False,True
779,1,1,1,43.0,0,1,211.3375,2,False,0,False,2,False,False,True,False,False,True,True,False,False
780,1,3,1,13.0,0,0,7.2292,0,False,0,True,1,True,False,False,True,False,False,False,False,True
781,1,1,1,17.0,1,0,57.0,2,False,0,False,2,False,False,True,False,False,True,True,False,False
782,0,1,0,29.0,0,0,30.0,2,True,1,True,1,False,False,True,False,True,False,True,False,False
783,0,3,0,28.0,1,2,23.45,2,True,1,False,4,False,False,True,False,True,False,False,False,True
784,0,3,0,25.0,0,0,7.05,2,True,1,True,1,False,False,True,False,True,False,False,False,True
785,0,3,0,25.0,0,0,7.25,2,True,1,True,1,False,False,True,False,True,False,False,False,True
786,1,3,1,18.0,0,0,7.4958,2,False,0,True,1,False,False,True,False,False,True,False,False,True
787,0,3,0,8.0,4,1,29.125,1,False,1,False,6,False,True,False,True,False,False,False,False,True
788,1,3,0,1.0,1,2,20.575,2,False,0,False,4,False,False,True,True,False,False,False,False,True
789,0,1,0,46.0,0,0,79.2,0,True,1,True,1,True,False,False,False,True,False,True,False,False
790,0,3,0,28.0,0,0,7.75,1,True,1,True,1,False,True,False,False,True,False,False,False,True
791,0,2,0,16.0,0,0,26.0,2,True,1,True,1,False,False,True,False,True,False,False,True,False
792,0,3,1,28.0,8,2,69.55,2,False,1,False,11,False,False,True,False,False,True,False,False,True
793,0,1,0,28.0,0,0,30.6958,0,True,1,True,1,True,False,False,False,True,False,True,False,False
794,0,3,0,25.0,0,0,7.8958,2,True,1,True,1,False,False,True,False,True,False,False,False,True
795,0,2,0,39.0,0,0,13.0,2,True,1,True,1,False,False,True,False,True,False,False,True,False
796,1,1,1,49.0,0,0,25.9292,2,False,0,True,1,False,False,True,False,False,True,True,False,False
797,1,3,1,31.0,0,0,8.6833,2,False,0,True,1,False,False,True,False,False,True,False,False,True
798,0,3,0,30.0,0,0,7.2292,0,True,1,True,1,True,False,False,False,True,False,False,False,True
799,0,3,1,30.0,1,1,24.15,2,False,1,False,3,False,False,True,False,False,True,False,False,True
800,0,2,0,34.0,0,0,13.0,2,True,1,True,1,False,False,True,False,True,False,False,True,False
801,1,2,1,31.0,1,1,26.25,2,False,0,False,3,False,False,True,False,False,True,False,True,False
802,1,1,0,11.0,1,2,120.0,2,False,0,False,4,False,False,True,True,False,False,True,False,False
803,1,3,0,0.42,0,1,8.5167,0,False,0,False,2,True,False,False,True,False,False,False,False,True
804,1,3,0,27.0,0,0,6.975,2,True,0,True,1,False,False,True,False,True,False,False,False,True
805,0,3,0,31.0,0,0,7.775,2,True,1,True,1,False,False,True,False,True,False,False,False,True
806,0,1,0,39.0,0,0,0.0,2,True,1,True,1,False,False,True,False,True,False,True,False,False
807,0,3,1,18.0,0,0,7.775,2,False,1,True,1,False,False,True,False,False,True,False,False,True
808,0,2,0,39.0,0,0,13.0,2,True,1,True,1,False,False,True,False,True,False,False,True,False
809,1,1,1,33.0,1,0,53.1,2,False,0,False,2,False,False,True,False,False,True,True,False,False
810,0,3,0,26.0,0,0,7.8875,2,True,1,True,1,False,False,True,False,True,False,False,False,True
811,0,3,0,39.0,0,0,24.15,2,True,1,True,1,False,False,True,False,True,False,False,False,True
812,0,2,0,35.0,0,0,10.5,2,True,1,True,1,False,False,True,False,True,False,False,True,False
813,0,3,1,6.0,4,2,31.275,2,False,1,False,7,False,False,True,True,False,False,False,False,True
814,0,3,0,30.5,0,0,8.05,2,True,1,True,1,False,False,True,False,True,False,False,False,True
815,0,1,0,28.0,0,0,0.0,2,True,1,True,1,False,False,True,False,True,False,True,False,False
816,0,3,1,23.0,0,0,7.925,2,False,1,True,1,False,False,True,False,False,True,False,False,True
817,0,2,0,31.0,1,1,37.0042,0,True,1,False,3,True,False,False,False,True,False,False,True,False
818,0,3,0,43.0,0,0,6.45,2,True,1,True,1,False,False,True,False,True,False,False,False,True
819,0,3,0,10.0,3,2,27.9,2,False,1,False,6,False,False,True,True,False,False,False,False,True
820,1,1,1,52.0,1,1,93.5,2,False,0,False,3,False,False,True,False,False,True,True,False,False
821,1,3,0,27.0,0,0,8.6625,2,True,0,True,1,False,False,True,False,True,False,False,False,True
822,0,1,0,38.0,0,0,0.0,2,True,1,True,1,False,False,True,False,True,False,True,False,False
823,1,3,1,27.0,0,1,12.475,2,False,0,False,2,False,False,True,False,False,True,False,False,True
824,0,3,0,2.0,4,1,39.6875,2,False,1,False,6,False,False,True,True,False,False,False,False,True
825,0,3,0,28.0,0,0,6.95,1,True,1,True,1,False,True,False,False,True,False,False,False,True
826,0,3,0,28.0,0,0,56.4958,2,True,1,True,1,False,False,True,False,True,False,False,False,True
827,1,2,0,1.0,0,2,37.0042,0,False,0,False,3,True,False,False,True,False,False,False,True,False
828,1,3,0,28.0,0,0,7.75,1,True,0,True,1,False,True,False,False,True,False,False,False,True
829,1,1,1,62.0,0,0,80.0,2,False,0,True,1,False,False,True,False,False,True,True,False,False
830,1,3,1,15.0,1,0,14.4542,0,False,0,False,2,True,False,False,True,False,False,False,False,True
831,1,2,0,0.83,1,1,18.75,2,False,0,False,3,False,False,True,True,False,False,False,True,False
832,0,3,0,28.0,0,0,7.2292,0,True,1,True,1,True,False,False,False,True,False,False,False,True
833,0,3,0,23.0,0,0,7.8542,2,True,1,True,1,False,False,True,False,True,False,False,False,True
834,0,3,0,18.0,0,0,8.3,2,True,1,True,1,False,False,True,False,True,False,False,False,True
835,1,1,1,39.0,1,1,83.1583,0,False,0,False,3,True,False,False,False,False,True,True,False,False
836,0,3,0,21.0,0,0,8.6625,2,True,1,True,1,False,False,True,False,True,False,False,False,True
837,0,3,0,28.0,0,0,8.05,2,True,1,True,1,False,False,True,False,True,False,False,False,True
838,1,3,0,32.0,0,0,56.4958,2,True,0,True,1,False,False,True,False,True,False,False,False,True
839,1,1,0,28.0,0,0,29.7,0,True,0,True,1,True,False,False,False,True,False,True,False,False
840,0,3,0,20.0,0,0,7.925,2,True,1,True,1,False,False,True,False,True,False,False,False,True
841,0,2,0,16.0,0,0,10.5,2,True,1,True,1,False,False,True,False,True,False,False,True,False
842,1,1,1,30.0,0,0,31.0,0,False,0,True,1,True,False,False,False,False,True,True,False,False
843,0,3,0,34.5,0,0,6.4375,0,True,1,True,1,True,False,False,False,True,False,False,False,True
844,0,3,0,17.0,0,0,8.6625,2,True,1,True,1,False,False,True,False,True,False,False,False,True
845,0,3,0,42.0,0,0,7.55,2,True,1,True,1,False,False,True,False,True,False,False,False,True
846,0,3,0,28.0,8,2,69.55,2,True,1,False,11,False,False,True,False,True,False,False,False,True
847,0,3,0,35.0,0,0,7.8958,0,True,1,True,1,True,False,False,False,True,False,False,False,True
848,0,2,0,28.0,0,1,33.0,2,True,1,False,2,False,False,True,False,True,False,False,True,False
849,1,1,1,28.0,1,0,89.1042,0,False,0,False,2,True,False,False,False,False,True,True,False,False
850,0,3,0,4.0,4,2,31.275,2,False,1,False,7,False,False,True,True,False,False,False,False,True
851,0,3,0,74.0,0,0,7.775,2,True,1,True,1,False,False,True,False,True,False,False,False,True
852,0,3,1,9.0,1,1,15.2458,0,False,1,False,3,True,False,False,True,False,False,False,False,True
853,1,1,1,16.0,0,1,39.4,2,False,0,False,2,False,False,True,False,False,True,True,False,False
854,0,2,1,44.0,1,0,26.0,2,False,1,False,2,False,False,True,False,False,True,False,True,False
855,1,3,1,18.0,0,1,9.35,2,False,0,False,2,False,False,True,False,False,True,False,False,True
856,1,1,1,45.0,1,1,164.8667,2,False,0,False,3,False,False,True,False,False,True,True,False,False
857,1,1,0,51.0,0,0,26.55,2,True,0,True,1,False,False,True,False,True,False,True,False,False
858,1,3,1,24.0,0,3,19.2583,0,False,0,False,4,True,False,False,False,False,True,False,False,True
859,0,3,0,28.0,0,0,7.2292,0,True,1,True,1,True,False,False,False,True,False,False,False,True
860,0,3,0,41.0,2,0,14.1083,2,True,1,False,3,False,False,True,False,True,False,False,False,True
861,0,2,0,21.0,1,0,11.5,2,True,1,False,2,False,False,True,False,True,False,False,True,False
862,1,1,1,48.0,0,0,25.9292,2,False,0,True,1,False,False,True,False,False,True,True,False,False
863,0,3,1,28.0,8,2,69.55,2,False,1,False,11,False,False,True,False,False,True,False,False,True
864,0,2,0,24.0,0,0,13.0,2,True,1,True,1,False,False,True,False,True,False,False,True,False
865,1,2,1,42.0,0,0,13.0,2,False,0,True,1,False,False,True,False,False,True,False,True,False
866,1,2,1,27.0,1,0,13.8583,0,False,0,False,2,True,False,False,False,False,True,False,True,False
867,0,1,0,31.0,0,0,50.4958,2,True,1,True,1,False,False,True,False,True,False,True,False,False
868,0,3,0,28.0,0,0,9.5,2,True,1,True,1,False,False,True,False,True,False,False,False,True
869,1,3,0,4.0,1,1,11.1333,2,False,0,False,3,False,False,True,True,False,False,False,False,True
870,0,3,0,26.0,0,0,7.8958,2,True,1,True,1,False,False,True,False,True,False,False,False,True
871,1,1,1,47.0,1,1,52.5542,2,False,0,False,3,False,False,True,False,False,True,True,False,False
872,0,1,0,33.0,0,0,5.0,2,True,1,True,1,False,False,True,False,True,False,True,False,False
873,0,3,0,47.0,0,0,9.0,2,True,1,True,1,False,False,True,False,True,False,False,False,True
874,1,2,1,28.0,1,0,24.0,0,False,0,False,2,True,False,False,False,False,True,False,True,False
875,1,3,1,15.0,0,0,7.225,0,False,0,True,1,True,False,False,True,False,False,False,False,True
876,0,3,0,20.0,0,0,9.8458,2,True,1,True,1,False,False,True,False,True,False,False,False,True
877,0,3,0,19.0,0,0,7.8958,2,True,1,True,1,False,False,True,False,True,False,False,False,True
878,0,3,0,28.0,0,0,7.8958,2,True,1,True,1,False,False,True,False,True,False,False,False,True
879,1,1,1,56.0,0,1,83.1583,0,False,0,False,2,True,False,False,False,False,True,True,False,False
880,1,2,1,25.0,0,1,26.0,2,False,0,False,2,False,False,True,False,False,True,False,True,False
881,0,3,0,33.0,0,0,7.8958,2,True,1,True,1,False,False,True,False,True,False,False,False,True
882,0,3,1,22.0,0,0,10.5167,2,False,1,True,1,False,False,True,False,False,True,False,False,True
883,0,2,0,28.0,0,0,10.5,2,True,1,True,1,False,False,True,False,True,False,False,True,False
884,0,3,0,25.0,0,0,7.05,2,True,1,True,1,False,False,True,False,True,False,False,False,True
885,0,3,1,39.0,0,5,29.125,1,False,1,False,6,False,True,False,False,False,True,False,False,True
886,0,2,0,27.0,0,0,13.0,2,True,1,True,1,False,False,True,False,True,False,False,True,False
887,1,1,1,19.0,0,0,30.0,2,False,0,True,1,False,False,True,False,False,True,True,False,False
888,0,3,1,28.0,1,2,23.45,2,False,1,False,4,False,False,True,False,False,True,False,False,True
889,1,1,0,26.0,0,0,30.0,0,True,0,True,1,True,False,False,False,True,False,True,False,False
890,0,3,0,32.0,0,0,7.75,1,True,1,True,1,False,True,False,False,True,False,False,False,True
